property_code,be_department_slug,be_department,be_section,dept_code,account,account_name,pl_line,section,original_class,pct_variable,map_source,excluded_from_be,source_rows
OJO,rooms,Rooms,PAYROLL,0110,6000,Salary and Wages,OPEX_ROOMS,OPERATING EXPENSES,Variable,1.0,GL,false,CWL rooms/6000
OJO,rooms,Rooms,PAYROLL,0110,6001,Overtime,OPEX_ROOMS,OPERATING EXPENSES,Variable,1.0,GL,false,CWL rooms/6001
OJO,rooms,Rooms,PAYROLL,0110,6002,Day Off,OPEX_ROOMS,OPERATING EXPENSES,Variable,1.0,GL,false,CWL rooms/6002
OJO,rooms,Rooms,PAYROLL,0110,6003,Working Holiday,OPEX_ROOMS,OPERATING EXPENSES,Variable,1.0,GL,false,CWL rooms/6003
OJO,rooms,Rooms,PAYROLL,0110,6004,Disabilities,OPEX_ROOMS,OPERATING EXPENSES,Variable,1.0,ANALOGIA,false,mismo depto/PAYROLL
OJO,rooms,Rooms,PAYROLL,0110,6010,Commissions,OPEX_ROOMS,OPERATING EXPENSES,Variable,1.0,GL,false,CWL rooms/6010
OJO,rooms,Rooms,PAYROLL,0110,6020,Social Security,OPEX_ROOMS,OPERATING EXPENSES,Variable,1.0,GL,false,CWL rooms/6020
OJO,rooms,Rooms,PAYROLL,0110,6021,Christmas bonus,OPEX_ROOMS,OPERATING EXPENSES,Variable,1.0,GL,false,CWL rooms/6021
OJO,rooms,Rooms,PAYROLL,0110,6022,Work Risk Policy,OPEX_ROOMS,OPERATING EXPENSES,Variable,1.0,GL,false,CWL rooms/6022
OJO,rooms,Rooms,PAYROLL,0110,6023,Vacations Accrual,OPEX_ROOMS,OPERATING EXPENSES,Variable,1.0,GL,false,CWL rooms/6023
OJO,rooms,Rooms,PAYROLL,0110,6024,Vacations Taken,OPEX_ROOMS,OPERATING EXPENSES,Variable,1.0,GL,false,CWL rooms/6024
OJO,rooms,Rooms,PAYROLL,0110,6025,Cafeteria,OPEX_ROOMS,OPERATING EXPENSES,Variable,1.0,GL,false,CWL rooms/6025
OJO,rooms,Rooms,PAYROLL,0110,6026,Notice and Severance Pay,OPEX_ROOMS,OPERATING EXPENSES,Variable,1.0,GL,false,CWL rooms/6026
OJO,rooms,Rooms,PAYROLL,0110,6027,Incentive Bonus,OPEX_ROOMS,OPERATING EXPENSES,Variable,1.0,GL,false,CWL rooms/6027
OJO,rooms,Rooms,PAYROLL,0110,6028,Housing,OPEX_ROOMS,OPERATING EXPENSES,Variable,1.0,GL,false,CWL rooms/6028
OJO,rooms,Rooms,PAYROLL,0110,6029,Employee Transportation,OPEX_ROOMS,OPERATING EXPENSES,Variable,1.0,GL,false,CWL rooms/6029
OJO,rooms,Rooms,PAYROLL,0110,6030,Employee Benefit Others,OPEX_ROOMS,OPERATING EXPENSES,Variable,1.0,GL,false,CWL rooms/6030
OJO,rooms,Rooms,OPERATING EXPENSES,0110,7065,Cleaning Supplies,OPEX_ROOMS,OPERATING EXPENSES,Variable,1.0,GL,false,CWL rooms/7065
OJO,rooms,Rooms,OPERATING EXPENSES,0110,7070,Cluster Services,OPEX_ROOMS,OPERATING EXPENSES,Variable,1.0,GL,false,CWL rooms/7070
OJO,rooms,Rooms,OPERATING EXPENSES,0110,7080,Commissions,OPEX_ROOMS,OPERATING EXPENSES,Variable,1.0,GL,false,CWL rooms/7080
OJO,rooms,Rooms,OPERATING EXPENSES,0110,7085,Commissions and Fees—Group,OPEX_ROOMS,OPERATING EXPENSES,Variable,1.0,GL,false,CWL rooms/7085
OJO,rooms,Rooms,OPERATING EXPENSES,0110,7090,Complimentary Food and Beverage,OPEX_ROOMS,OPERATING EXPENSES,Variable,1.0,GL,false,CWL rooms/7090
OJO,rooms,Rooms,OPERATING EXPENSES,0110,7095,Complimentary In-Room/Media Entertainment,OPEX_ROOMS,OPERATING EXPENSES,Variable,1.0,GL,false,CWL rooms/7095
OJO,rooms,Rooms,OPERATING EXPENSES,0110,7100,Complimentary Services and Gifts,OPEX_ROOMS,OPERATING EXPENSES,Variable,1.0,GL,false,CWL rooms/7100
OJO,rooms,Rooms,OPERATING EXPENSES,0110,7105,Contract Services,OPEX_ROOMS,OPERATING EXPENSES,Variable,1.0,GL,false,CWL rooms/7105
OJO,rooms,Rooms,OPERATING EXPENSES,0110,7110,Corporate Office Reimbursables,OPEX_ROOMS,OPERATING EXPENSES,Variable,1.0,GL,false,CWL rooms/7110
OJO,rooms,Rooms,OPERATING EXPENSES,0110,7125,Decorations,OPEX_ROOMS,OPERATING EXPENSES,Variable,1.0,GL,false,CWL rooms/7125
OJO,rooms,Rooms,OPERATING EXPENSES,0110,7150,Dues and Subscriptions,OPEX_ROOMS,OPERATING EXPENSES,Fixed Cost,0.0,GL,false,CWL rooms/7150
OJO,rooms,Rooms,OPERATING EXPENSES,0110,7175,Entertainment—In-House,OPEX_ROOMS,OPERATING EXPENSES,Variable,1.0,GL,false,CWL rooms/7175
OJO,rooms,Rooms,OPERATING EXPENSES,0110,7185,Equipment Rental,OPEX_ROOMS,OPERATING EXPENSES,Variable,1.0,GL,false,CWL rooms/7185
OJO,rooms,Rooms,OPERATING EXPENSES,0110,7245,Guest Relocation,OPEX_ROOMS,OPERATING EXPENSES,Variable,1.0,GL,false,CWL rooms/7245
OJO,rooms,Rooms,OPERATING EXPENSES,0110,7250,Guest Supplies,OPEX_ROOMS,OPERATING EXPENSES,Variable,1.0,GL,false,CWL rooms/7250
OJO,rooms,Rooms,OPERATING EXPENSES,0110,7255,Guest Transportation,OPEX_ROOMS,OPERATING EXPENSES,Variable,1.0,GL,false,CWL rooms/7255
OJO,rooms,Rooms,OPERATING EXPENSES,0110,7310,Laundry and Dry Cleaning,OPEX_ROOMS,OPERATING EXPENSES,Variable,1.0,GL,false,CWL rooms/7310
OJO,rooms,Rooms,OPERATING EXPENSES,0110,7335,Licenses and Permits,OPEX_ROOMS,OPERATING EXPENSES,Variable,1.0,GL,false,CWL rooms/7335
OJO,rooms,Rooms,OPERATING EXPENSES,0110,7350,Linen,OPEX_ROOMS,OPERATING EXPENSES,Variable,1.0,GL,false,CWL rooms/7350
OJO,rooms,Rooms,OPERATING EXPENSES,0110,7380,Miscellaneous,OPEX_ROOMS,OPERATING EXPENSES,Variable,1.0,GL,false,CWL rooms/7380
OJO,rooms,Rooms,OPERATING EXPENSES,0110,7400,Operating Supplies,OPEX_ROOMS,OPERATING EXPENSES,Variable,1.0,GL,false,CWL rooms/7400
OJO,rooms,Rooms,OPERATING EXPENSES,0110,7485,Postage and Overnight Delivery Charges,OPEX_ROOMS,OPERATING EXPENSES,Variable,1.0,GL,false,CWL rooms/7485
OJO,rooms,Rooms,OPERATING EXPENSES,0110,7490,Printing and Stationery,OPEX_ROOMS,OPERATING EXPENSES,Variable,1.0,GL,false,CWL rooms/7490
OJO,rooms,Rooms,OPERATING EXPENSES,0110,7525,Reservations,OPEX_ROOMS,OPERATING EXPENSES,Fixed Cost,0.0,GL,false,CWL rooms/7525
OJO,rooms,Rooms,OPERATING EXPENSES,0110,7530,Royalty Fees,OPEX_ROOMS,OPERATING EXPENSES,Variable,1.0,GL,false,CWL rooms/7530
OJO,rooms,Rooms,OPERATING EXPENSES,0110,7665,Training,OPEX_ROOMS,OPERATING EXPENSES,Variable,1.0,GL,false,CWL rooms/7665
OJO,rooms,Rooms,OPERATING EXPENSES,0110,7670,Travel—Meals and Entertainment,OPEX_ROOMS,OPERATING EXPENSES,Variable,1.0,GL,false,CWL rooms/7670
OJO,rooms,Rooms,OPERATING EXPENSES,0110,7675,Travel—Other,OPEX_ROOMS,OPERATING EXPENSES,Variable,1.0,GL,false,CWL rooms/7675
OJO,rooms,Rooms,OPERATING EXPENSES,0110,7680,Uniform Costs,OPEX_ROOMS,OPERATING EXPENSES,Variable,1.0,GL,false,CWL rooms/7680
OJO,rooms,Rooms,OPERATING EXPENSES,0110,7685,Uniform Laundry,OPEX_ROOMS,OPERATING EXPENSES,Variable,1.0,GL,false,CWL rooms/7685
OJO,rooms,Rooms,PAYROLL,0115,6000,Salary and Wages,OPEX_ROOMS,OPERATING EXPENSES,Variable,1.0,GL,false,CWL rooms/6000
OJO,rooms,Rooms,PAYROLL,0115,6001,Overtime,OPEX_ROOMS,OPERATING EXPENSES,Variable,1.0,GL,false,CWL rooms/6001
OJO,rooms,Rooms,PAYROLL,0115,6002,Day Off,OPEX_ROOMS,OPERATING EXPENSES,Variable,1.0,GL,false,CWL rooms/6002
OJO,rooms,Rooms,PAYROLL,0115,6003,Working Holiday,OPEX_ROOMS,OPERATING EXPENSES,Variable,1.0,GL,false,CWL rooms/6003
OJO,rooms,Rooms,PAYROLL,0115,6004,Disabilities,OPEX_ROOMS,OPERATING EXPENSES,Variable,1.0,ANALOGIA,false,mismo depto/PAYROLL
OJO,rooms,Rooms,PAYROLL,0115,6010,Commissions,OPEX_ROOMS,OPERATING EXPENSES,Variable,1.0,GL,false,CWL rooms/6010
OJO,rooms,Rooms,PAYROLL,0115,6020,Social Security,OPEX_ROOMS,OPERATING EXPENSES,Variable,1.0,GL,false,CWL rooms/6020
OJO,rooms,Rooms,PAYROLL,0115,6021,Christmas bonus,OPEX_ROOMS,OPERATING EXPENSES,Variable,1.0,GL,false,CWL rooms/6021
OJO,rooms,Rooms,PAYROLL,0115,6022,Work Risk Policy,OPEX_ROOMS,OPERATING EXPENSES,Variable,1.0,GL,false,CWL rooms/6022
OJO,rooms,Rooms,PAYROLL,0115,6023,Vacations Accrual,OPEX_ROOMS,OPERATING EXPENSES,Variable,1.0,GL,false,CWL rooms/6023
OJO,rooms,Rooms,PAYROLL,0115,6024,Vacations Taken,OPEX_ROOMS,OPERATING EXPENSES,Variable,1.0,GL,false,CWL rooms/6024
OJO,rooms,Rooms,PAYROLL,0115,6025,Cafeteria,OPEX_ROOMS,OPERATING EXPENSES,Variable,1.0,GL,false,CWL rooms/6025
OJO,rooms,Rooms,PAYROLL,0115,6026,Notice and Severance Pay,OPEX_ROOMS,OPERATING EXPENSES,Variable,1.0,GL,false,CWL rooms/6026
OJO,rooms,Rooms,PAYROLL,0115,6027,Incentive Bonus,OPEX_ROOMS,OPERATING EXPENSES,Variable,1.0,GL,false,CWL rooms/6027
OJO,rooms,Rooms,PAYROLL,0115,6028,Housing,OPEX_ROOMS,OPERATING EXPENSES,Variable,1.0,GL,false,CWL rooms/6028
OJO,rooms,Rooms,PAYROLL,0115,6029,Employee Transportation,OPEX_ROOMS,OPERATING EXPENSES,Variable,1.0,GL,false,CWL rooms/6029
OJO,rooms,Rooms,PAYROLL,0115,6030,Employee Benefit Others,OPEX_ROOMS,OPERATING EXPENSES,Variable,1.0,GL,false,CWL rooms/6030
OJO,rooms,Rooms,OPERATING EXPENSES,0115,7065,Cleaning Supplies,OPEX_ROOMS,OPERATING EXPENSES,Variable,1.0,GL,false,CWL rooms/7065
OJO,rooms,Rooms,OPERATING EXPENSES,0115,7070,Cluster Services,OPEX_ROOMS,OPERATING EXPENSES,Variable,1.0,GL,false,CWL rooms/7070
OJO,rooms,Rooms,OPERATING EXPENSES,0115,7080,Commissions,OPEX_ROOMS,OPERATING EXPENSES,Variable,1.0,GL,false,CWL rooms/7080
OJO,rooms,Rooms,OPERATING EXPENSES,0115,7085,Commissions and Fees—Group,OPEX_ROOMS,OPERATING EXPENSES,Variable,1.0,GL,false,CWL rooms/7085
OJO,rooms,Rooms,OPERATING EXPENSES,0115,7090,Complimentary Food and Beverage,OPEX_ROOMS,OPERATING EXPENSES,Variable,1.0,GL,false,CWL rooms/7090
OJO,rooms,Rooms,OPERATING EXPENSES,0115,7095,Complimentary In-Room/Media Entertainment,OPEX_ROOMS,OPERATING EXPENSES,Variable,1.0,GL,false,CWL rooms/7095
OJO,rooms,Rooms,OPERATING EXPENSES,0115,7100,Complimentary Services and Gifts,OPEX_ROOMS,OPERATING EXPENSES,Variable,1.0,GL,false,CWL rooms/7100
OJO,rooms,Rooms,OPERATING EXPENSES,0115,7105,Contract Services,OPEX_ROOMS,OPERATING EXPENSES,Variable,1.0,GL,false,CWL rooms/7105
OJO,rooms,Rooms,OPERATING EXPENSES,0115,7110,Corporate Office Reimbursables,OPEX_ROOMS,OPERATING EXPENSES,Variable,1.0,GL,false,CWL rooms/7110
OJO,rooms,Rooms,OPERATING EXPENSES,0115,7125,Decorations,OPEX_ROOMS,OPERATING EXPENSES,Variable,1.0,GL,false,CWL rooms/7125
OJO,rooms,Rooms,OPERATING EXPENSES,0115,7150,Dues and Subscriptions,OPEX_ROOMS,OPERATING EXPENSES,Fixed Cost,0.0,GL,false,CWL rooms/7150
OJO,rooms,Rooms,OPERATING EXPENSES,0115,7175,Entertainment—In-House,OPEX_ROOMS,OPERATING EXPENSES,Variable,1.0,GL,false,CWL rooms/7175
OJO,rooms,Rooms,OPERATING EXPENSES,0115,7185,Equipment Rental,OPEX_ROOMS,OPERATING EXPENSES,Variable,1.0,GL,false,CWL rooms/7185
OJO,rooms,Rooms,OPERATING EXPENSES,0115,7245,Guest Relocation,OPEX_ROOMS,OPERATING EXPENSES,Variable,1.0,GL,false,CWL rooms/7245
OJO,rooms,Rooms,OPERATING EXPENSES,0115,7250,Guest Supplies,OPEX_ROOMS,OPERATING EXPENSES,Variable,1.0,GL,false,CWL rooms/7250
OJO,rooms,Rooms,OPERATING EXPENSES,0115,7255,Guest Transportation,OPEX_ROOMS,OPERATING EXPENSES,Variable,1.0,GL,false,CWL rooms/7255
OJO,rooms,Rooms,OPERATING EXPENSES,0115,7310,Laundry and Dry Cleaning,OPEX_ROOMS,OPERATING EXPENSES,Variable,1.0,GL,false,CWL rooms/7310
OJO,rooms,Rooms,OPERATING EXPENSES,0115,7335,Licenses and Permits,OPEX_ROOMS,OPERATING EXPENSES,Variable,1.0,GL,false,CWL rooms/7335
OJO,rooms,Rooms,OPERATING EXPENSES,0115,7350,Linen,OPEX_ROOMS,OPERATING EXPENSES,Variable,1.0,GL,false,CWL rooms/7350
OJO,rooms,Rooms,OPERATING EXPENSES,0115,7380,Miscellaneous,OPEX_ROOMS,OPERATING EXPENSES,Variable,1.0,GL,false,CWL rooms/7380
OJO,rooms,Rooms,OPERATING EXPENSES,0115,7400,Operating Supplies,OPEX_ROOMS,OPERATING EXPENSES,Variable,1.0,GL,false,CWL rooms/7400
OJO,rooms,Rooms,OPERATING EXPENSES,0115,7485,Postage and Overnight Delivery Charges,OPEX_ROOMS,OPERATING EXPENSES,Variable,1.0,GL,false,CWL rooms/7485
OJO,rooms,Rooms,OPERATING EXPENSES,0115,7490,Printing and Stationery,OPEX_ROOMS,OPERATING EXPENSES,Variable,1.0,GL,false,CWL rooms/7490
OJO,rooms,Rooms,OPERATING EXPENSES,0115,7525,Reservations,OPEX_ROOMS,OPERATING EXPENSES,Fixed Cost,0.0,GL,false,CWL rooms/7525
OJO,rooms,Rooms,OPERATING EXPENSES,0115,7530,Royalty Fees,OPEX_ROOMS,OPERATING EXPENSES,Variable,1.0,GL,false,CWL rooms/7530
OJO,rooms,Rooms,OPERATING EXPENSES,0115,7665,Training,OPEX_ROOMS,OPERATING EXPENSES,Variable,1.0,GL,false,CWL rooms/7665
OJO,rooms,Rooms,OPERATING EXPENSES,0115,7670,Travel—Meals and Entertainment,OPEX_ROOMS,OPERATING EXPENSES,Variable,1.0,GL,false,CWL rooms/7670
OJO,rooms,Rooms,OPERATING EXPENSES,0115,7675,Travel—Other,OPEX_ROOMS,OPERATING EXPENSES,Variable,1.0,GL,false,CWL rooms/7675
OJO,rooms,Rooms,OPERATING EXPENSES,0115,7680,Uniform Costs,OPEX_ROOMS,OPERATING EXPENSES,Variable,1.0,GL,false,CWL rooms/7680
OJO,rooms,Rooms,OPERATING EXPENSES,0115,7685,Uniform Laundry,OPEX_ROOMS,OPERATING EXPENSES,Variable,1.0,GL,false,CWL rooms/7685
OJO,rooms,Rooms,PAYROLL,0116,6000,Salary and Wages,OPEX_ROOMS,OPERATING EXPENSES,Variable,1.0,GL,false,CWL rooms/6000
OJO,rooms,Rooms,PAYROLL,0116,6001,Overtime,OPEX_ROOMS,OPERATING EXPENSES,Variable,1.0,GL,false,CWL rooms/6001
OJO,rooms,Rooms,PAYROLL,0116,6002,Day Off,OPEX_ROOMS,OPERATING EXPENSES,Variable,1.0,GL,false,CWL rooms/6002
OJO,rooms,Rooms,PAYROLL,0116,6003,Working Holiday,OPEX_ROOMS,OPERATING EXPENSES,Variable,1.0,GL,false,CWL rooms/6003
OJO,rooms,Rooms,PAYROLL,0116,6004,Disabilities,OPEX_ROOMS,OPERATING EXPENSES,Variable,1.0,ANALOGIA,false,mismo depto/PAYROLL
OJO,rooms,Rooms,PAYROLL,0116,6010,Commissions,OPEX_ROOMS,OPERATING EXPENSES,Variable,1.0,GL,false,CWL rooms/6010
OJO,rooms,Rooms,PAYROLL,0116,6020,Social Security,OPEX_ROOMS,OPERATING EXPENSES,Variable,1.0,GL,false,CWL rooms/6020
OJO,rooms,Rooms,PAYROLL,0116,6021,Christmas bonus,OPEX_ROOMS,OPERATING EXPENSES,Variable,1.0,GL,false,CWL rooms/6021
OJO,rooms,Rooms,PAYROLL,0116,6022,Work Risk Policy,OPEX_ROOMS,OPERATING EXPENSES,Variable,1.0,GL,false,CWL rooms/6022
OJO,rooms,Rooms,PAYROLL,0116,6023,Vacations Accrual,OPEX_ROOMS,OPERATING EXPENSES,Variable,1.0,GL,false,CWL rooms/6023
OJO,rooms,Rooms,PAYROLL,0116,6024,Vacations Taken,OPEX_ROOMS,OPERATING EXPENSES,Variable,1.0,GL,false,CWL rooms/6024
OJO,rooms,Rooms,PAYROLL,0116,6025,Cafeteria,OPEX_ROOMS,OPERATING EXPENSES,Variable,1.0,GL,false,CWL rooms/6025
OJO,rooms,Rooms,PAYROLL,0116,6026,Notice and Severance Pay,OPEX_ROOMS,OPERATING EXPENSES,Variable,1.0,GL,false,CWL rooms/6026
OJO,rooms,Rooms,PAYROLL,0116,6027,Incentive Bonus,OPEX_ROOMS,OPERATING EXPENSES,Variable,1.0,GL,false,CWL rooms/6027
OJO,rooms,Rooms,PAYROLL,0116,6028,Housing,OPEX_ROOMS,OPERATING EXPENSES,Variable,1.0,GL,false,CWL rooms/6028
OJO,rooms,Rooms,PAYROLL,0116,6029,Employee Transportation,OPEX_ROOMS,OPERATING EXPENSES,Variable,1.0,GL,false,CWL rooms/6029
OJO,rooms,Rooms,PAYROLL,0116,6030,Employee Benefit Others,OPEX_ROOMS,OPERATING EXPENSES,Variable,1.0,GL,false,CWL rooms/6030
OJO,rooms,Rooms,OPERATING EXPENSES,0116,7065,Cleaning Supplies,OPEX_ROOMS,OPERATING EXPENSES,Variable,1.0,GL,false,CWL rooms/7065
OJO,rooms,Rooms,OPERATING EXPENSES,0116,7070,Cluster Services,OPEX_ROOMS,OPERATING EXPENSES,Variable,1.0,GL,false,CWL rooms/7070
OJO,rooms,Rooms,OPERATING EXPENSES,0116,7080,Commissions,OPEX_ROOMS,OPERATING EXPENSES,Variable,1.0,GL,false,CWL rooms/7080
OJO,rooms,Rooms,OPERATING EXPENSES,0116,7085,Commissions and Fees—Group,OPEX_ROOMS,OPERATING EXPENSES,Variable,1.0,GL,false,CWL rooms/7085
OJO,rooms,Rooms,OPERATING EXPENSES,0116,7090,Complimentary Food and Beverage,OPEX_ROOMS,OPERATING EXPENSES,Variable,1.0,GL,false,CWL rooms/7090
OJO,rooms,Rooms,OPERATING EXPENSES,0116,7095,Complimentary In-Room/Media Entertainment,OPEX_ROOMS,OPERATING EXPENSES,Variable,1.0,GL,false,CWL rooms/7095
OJO,rooms,Rooms,OPERATING EXPENSES,0116,7100,Complimentary Services and Gifts,OPEX_ROOMS,OPERATING EXPENSES,Variable,1.0,GL,false,CWL rooms/7100
OJO,rooms,Rooms,OPERATING EXPENSES,0116,7105,Contract Services,OPEX_ROOMS,OPERATING EXPENSES,Variable,1.0,GL,false,CWL rooms/7105
OJO,rooms,Rooms,OPERATING EXPENSES,0116,7110,Corporate Office Reimbursables,OPEX_ROOMS,OPERATING EXPENSES,Variable,1.0,GL,false,CWL rooms/7110
OJO,rooms,Rooms,OPERATING EXPENSES,0116,7125,Decorations,OPEX_ROOMS,OPERATING EXPENSES,Variable,1.0,GL,false,CWL rooms/7125
OJO,rooms,Rooms,OPERATING EXPENSES,0116,7150,Dues and Subscriptions,OPEX_ROOMS,OPERATING EXPENSES,Fixed Cost,0.0,GL,false,CWL rooms/7150
OJO,rooms,Rooms,OPERATING EXPENSES,0116,7175,Entertainment—In-House,OPEX_ROOMS,OPERATING EXPENSES,Variable,1.0,GL,false,CWL rooms/7175
OJO,rooms,Rooms,OPERATING EXPENSES,0116,7185,Equipment Rental,OPEX_ROOMS,OPERATING EXPENSES,Variable,1.0,GL,false,CWL rooms/7185
OJO,rooms,Rooms,OPERATING EXPENSES,0116,7245,Guest Relocation,OPEX_ROOMS,OPERATING EXPENSES,Variable,1.0,GL,false,CWL rooms/7245
OJO,rooms,Rooms,OPERATING EXPENSES,0116,7250,Guest Supplies,OPEX_ROOMS,OPERATING EXPENSES,Variable,1.0,GL,false,CWL rooms/7250
OJO,rooms,Rooms,OPERATING EXPENSES,0116,7255,Guest Transportation,OPEX_ROOMS,OPERATING EXPENSES,Variable,1.0,GL,false,CWL rooms/7255
OJO,rooms,Rooms,OPERATING EXPENSES,0116,7310,Laundry and Dry Cleaning,OPEX_ROOMS,OPERATING EXPENSES,Variable,1.0,GL,false,CWL rooms/7310
OJO,rooms,Rooms,OPERATING EXPENSES,0116,7335,Licenses and Permits,OPEX_ROOMS,OPERATING EXPENSES,Variable,1.0,GL,false,CWL rooms/7335
OJO,rooms,Rooms,OPERATING EXPENSES,0116,7350,Linen,OPEX_ROOMS,OPERATING EXPENSES,Variable,1.0,GL,false,CWL rooms/7350
OJO,rooms,Rooms,OPERATING EXPENSES,0116,7380,Miscellaneous,OPEX_ROOMS,OPERATING EXPENSES,Variable,1.0,GL,false,CWL rooms/7380
OJO,rooms,Rooms,OPERATING EXPENSES,0116,7400,Operating Supplies,OPEX_ROOMS,OPERATING EXPENSES,Variable,1.0,GL,false,CWL rooms/7400
OJO,rooms,Rooms,OPERATING EXPENSES,0116,7485,Postage and Overnight Delivery Charges,OPEX_ROOMS,OPERATING EXPENSES,Variable,1.0,GL,false,CWL rooms/7485
OJO,rooms,Rooms,OPERATING EXPENSES,0116,7490,Printing and Stationery,OPEX_ROOMS,OPERATING EXPENSES,Variable,1.0,GL,false,CWL rooms/7490
OJO,rooms,Rooms,OPERATING EXPENSES,0116,7525,Reservations,OPEX_ROOMS,OPERATING EXPENSES,Fixed Cost,0.0,GL,false,CWL rooms/7525
OJO,rooms,Rooms,OPERATING EXPENSES,0116,7530,Royalty Fees,OPEX_ROOMS,OPERATING EXPENSES,Variable,1.0,GL,false,CWL rooms/7530
OJO,rooms,Rooms,OPERATING EXPENSES,0116,7665,Training,OPEX_ROOMS,OPERATING EXPENSES,Variable,1.0,GL,false,CWL rooms/7665
OJO,rooms,Rooms,OPERATING EXPENSES,0116,7670,Travel—Meals and Entertainment,OPEX_ROOMS,OPERATING EXPENSES,Variable,1.0,GL,false,CWL rooms/7670
OJO,rooms,Rooms,OPERATING EXPENSES,0116,7675,Travel—Other,OPEX_ROOMS,OPERATING EXPENSES,Variable,1.0,GL,false,CWL rooms/7675
OJO,rooms,Rooms,OPERATING EXPENSES,0116,7680,Uniform Costs,OPEX_ROOMS,OPERATING EXPENSES,Variable,1.0,GL,false,CWL rooms/7680
OJO,rooms,Rooms,OPERATING EXPENSES,0116,7685,Uniform Laundry,OPEX_ROOMS,OPERATING EXPENSES,Variable,1.0,GL,false,CWL rooms/7685
OJO,spa,Spa,PAYROLL,0140,6000,Salary and Wages,OPEX_SPA,OPERATING EXPENSES,Fixed Cost,0.0,GL,false,CWL spa/6000
OJO,spa,Spa,PAYROLL,0140,6001,Overtime,OPEX_SPA,OPERATING EXPENSES,Fixed Cost,0.0,GL,false,CWL spa/6001
OJO,spa,Spa,PAYROLL,0140,6002,Day Off,OPEX_SPA,OPERATING EXPENSES,Fixed Cost,0.0,GL,false,CWL spa/6002
OJO,spa,Spa,PAYROLL,0140,6003,Working Holiday,OPEX_SPA,OPERATING EXPENSES,Fixed Cost,0.0,GL,false,CWL spa/6003
OJO,spa,Spa,PAYROLL,0140,6004,Disabilities,OPEX_SPA,OPERATING EXPENSES,Fixed Cost,0.0,ANALOGIA,false,mismo depto/PAYROLL
OJO,spa,Spa,PAYROLL,0140,6010,Commissions,OPEX_SPA,OPERATING EXPENSES,Fixed Cost,0.0,GL,false,CWL spa/6010
OJO,spa,Spa,PAYROLL,0140,6020,Social Security,OPEX_SPA,OPERATING EXPENSES,Fixed Cost,0.0,GL,false,CWL spa/6020
OJO,spa,Spa,PAYROLL,0140,6021,Christmas bonus,OPEX_SPA,OPERATING EXPENSES,Fixed Cost,0.0,GL,false,CWL spa/6021
OJO,spa,Spa,PAYROLL,0140,6022,Work Risk Policy,OPEX_SPA,OPERATING EXPENSES,Fixed Cost,0.0,GL,false,CWL spa/6022
OJO,spa,Spa,PAYROLL,0140,6023,Vacations Accrual,OPEX_SPA,OPERATING EXPENSES,Fixed Cost,0.0,GL,false,CWL spa/6023
OJO,spa,Spa,PAYROLL,0140,6024,Vacations Taken,OPEX_SPA,OPERATING EXPENSES,Fixed Cost,0.0,GL,false,CWL spa/6024
OJO,spa,Spa,PAYROLL,0140,6025,Cafeteria,OPEX_SPA,OPERATING EXPENSES,Fixed Cost,0.0,GL,false,CWL spa/6025
OJO,spa,Spa,PAYROLL,0140,6026,Notice and Severance Pay,OPEX_SPA,OPERATING EXPENSES,Fixed Cost,0.0,GL,false,CWL spa/6026
OJO,spa,Spa,PAYROLL,0140,6027,Incentive Bonus,OPEX_SPA,OPERATING EXPENSES,Fixed Cost,0.0,GL,false,CWL spa/6027
OJO,spa,Spa,PAYROLL,0140,6028,Housing,OPEX_SPA,OPERATING EXPENSES,Fixed Cost,0.0,GL,false,CWL spa/6028
OJO,spa,Spa,PAYROLL,0140,6029,Employee Transportation,OPEX_SPA,OPERATING EXPENSES,Fixed Cost,0.0,GL,false,CWL spa/6029
OJO,spa,Spa,PAYROLL,0140,6030,Employee Benefit Others,OPEX_SPA,OPERATING EXPENSES,Fixed Cost,0.0,GL,false,CWL spa/6030
OJO,spa,Spa,OPERATING EXPENSES,0140,7005,Ambience,OPEX_SPA,OPERATING EXPENSES,Variable,1.0,GL,false,CWL spa/7005
OJO,spa,Spa,OPERATING EXPENSES,0140,7010,Athletic Supplies,OPEX_SPA,OPERATING EXPENSES,Variable,1.0,GL,false,CWL spa/7010
OJO,spa,Spa,OPERATING EXPENSES,0140,7065,Cleaning Supplies,OPEX_SPA,OPERATING EXPENSES,Variable,1.0,GL,false,CWL spa/7065
OJO,spa,Spa,OPERATING EXPENSES,0140,7070,Cluster Services,OPEX_SPA,OPERATING EXPENSES,Variable,1.0,GL,false,CWL spa/7070
OJO,spa,Spa,OPERATING EXPENSES,0140,7080,Commissions,OPEX_SPA,OPERATING EXPENSES,Variable,1.0,ANALOGIA,false,mismo depto/OPERATING EXPENSES
OJO,spa,Spa,OPERATING EXPENSES,0140,7085,Commissions and Fees—Group,OPEX_SPA,OPERATING EXPENSES,Variable,1.0,ANALOGIA,false,mismo depto/OPERATING EXPENSES
OJO,spa,Spa,OPERATING EXPENSES,0140,7090,Complimentary Food and Beverage,OPEX_SPA,OPERATING EXPENSES,Variable,1.0,ANALOGIA,false,mismo depto/OPERATING EXPENSES
OJO,spa,Spa,OPERATING EXPENSES,0140,7095,Complimentary In-Room/Media Entertainment,OPEX_SPA,OPERATING EXPENSES,Variable,1.0,ANALOGIA,false,mismo depto/OPERATING EXPENSES
OJO,spa,Spa,OPERATING EXPENSES,0140,7100,Complimentary Services and Gifts,OPEX_SPA,OPERATING EXPENSES,Variable,1.0,GL,false,CWL spa/7100
OJO,spa,Spa,OPERATING EXPENSES,0140,7105,Contract Services,OPEX_SPA,OPERATING EXPENSES,Variable,1.0,GL,false,CWL spa/7105
OJO,spa,Spa,OPERATING EXPENSES,0140,7110,Corporate Office Reimbursables,OPEX_SPA,OPERATING EXPENSES,Variable,1.0,GL,false,CWL spa/7110
OJO,spa,Spa,OPERATING EXPENSES,0140,7125,Decorations,OPEX_SPA,OPERATING EXPENSES,Variable,1.0,GL,false,CWL spa/7125
OJO,spa,Spa,OPERATING EXPENSES,0140,7150,Dues and Subscriptions,OPEX_SPA,OPERATING EXPENSES,Variable,1.0,GL,false,CWL spa/7150
OJO,spa,Spa,OPERATING EXPENSES,0140,7175,Entertainment—In-House,OPEX_SPA,OPERATING EXPENSES,Variable,1.0,GL,false,CWL spa/7175
OJO,spa,Spa,OPERATING EXPENSES,0140,7185,Equipment Rental,OPEX_SPA,OPERATING EXPENSES,Variable,1.0,GL,false,CWL spa/7185
OJO,spa,Spa,OPERATING EXPENSES,0140,7245,Guest Relocation,OPEX_SPA,OPERATING EXPENSES,Variable,1.0,ANALOGIA,false,mismo depto/OPERATING EXPENSES
OJO,spa,Spa,OPERATING EXPENSES,0140,7250,Guest Supplies,OPEX_SPA,OPERATING EXPENSES,Variable,1.0,ANALOGIA,false,mismo depto/OPERATING EXPENSES
OJO,spa,Spa,OPERATING EXPENSES,0140,7255,Guest Transportation,OPEX_SPA,OPERATING EXPENSES,Variable,1.0,ANALOGIA,false,mismo depto/OPERATING EXPENSES
OJO,spa,Spa,OPERATING EXPENSES,0140,7260,Health and Beauty Products,OPEX_SPA,OPERATING EXPENSES,Variable,1.0,GL,false,CWL spa/7260
OJO,spa,Spa,OPERATING EXPENSES,0140,7310,Laundry and Dry Cleaning,OPEX_SPA,OPERATING EXPENSES,Variable,1.0,GL,false,CWL spa/7310
OJO,spa,Spa,OPERATING EXPENSES,0140,7335,Licenses and Permits,OPEX_SPA,OPERATING EXPENSES,Variable,1.0,GL,false,CWL spa/7335
OJO,spa,Spa,OPERATING EXPENSES,0140,7350,Linen,OPEX_SPA,OPERATING EXPENSES,Variable,1.0,GL,false,CWL spa/7350
OJO,spa,Spa,OPERATING EXPENSES,0140,7365,Management Fees,OPEX_SPA,OPERATING EXPENSES,Variable,1.0,GL,false,CWL spa/7365
OJO,spa,Spa,OPERATING EXPENSES,0140,7380,Miscellaneous,OPEX_SPA,OPERATING EXPENSES,Variable,1.0,GL,false,CWL spa/7380
OJO,spa,Spa,OPERATING EXPENSES,0140,7400,Operating Supplies,OPEX_SPA,OPERATING EXPENSES,Variable,1.0,GL,false,CWL spa/7400
OJO,spa,Spa,OPERATING EXPENSES,0140,7485,Postage and Overnight Delivery Charges,OPEX_SPA,OPERATING EXPENSES,Variable,1.0,ANALOGIA,false,mismo depto/OPERATING EXPENSES
OJO,spa,Spa,OPERATING EXPENSES,0140,7490,Printing and Stationery,OPEX_SPA,OPERATING EXPENSES,Variable,1.0,GL,false,CWL spa/7490
OJO,spa,Spa,OPERATING EXPENSES,0140,7525,Reservations,OPEX_SPA,OPERATING EXPENSES,Variable,1.0,GL,false,CWL spa/7525
OJO,spa,Spa,OPERATING EXPENSES,0140,7530,Royalty Fees,OPEX_SPA,OPERATING EXPENSES,Variable,1.0,GL,false,CWL spa/7530
OJO,spa,Spa,OPERATING EXPENSES,0140,7555,Swimming Pool,OPEX_SPA,OPERATING EXPENSES,Variable,1.0,GL,false,CWL spa/7555
OJO,spa,Spa,OPERATING EXPENSES,0140,7665,Training,OPEX_SPA,OPERATING EXPENSES,Variable,1.0,GL,false,CWL spa/7665
OJO,spa,Spa,OPERATING EXPENSES,0140,7670,Travel—Meals and Entertainment,OPEX_SPA,OPERATING EXPENSES,Variable,1.0,GL,false,CWL spa/7670
OJO,spa,Spa,OPERATING EXPENSES,0140,7675,Travel—Other,OPEX_SPA,OPERATING EXPENSES,Variable,1.0,GL,false,CWL spa/7675
OJO,spa,Spa,OPERATING EXPENSES,0140,7680,Uniform Costs,OPEX_SPA,OPERATING EXPENSES,Variable,1.0,GL,false,CWL spa/7680
OJO,spa,Spa,OPERATING EXPENSES,0140,7685,Uniform Laundry,OPEX_SPA,OPERATING EXPENSES,Variable,1.0,GL,false,CWL spa/7685
OJO,tours,Tours,COST OF SALES,,,Complimentary Food  for tour · Tickets for Corcovado Park,COS_TOURS,COST OF SALES,Variable,1.0,LINEA,false,
OJO,tours,Tours,COST OF SALES,0150,5350,Complimentary Food  for tour · Tickets for Corcovado Park,COS_TOURS,COST OF SALES,Variable,1.0,GL,false,CWL tours/5350
OJO,tours,Tours,COST OF SALES,0150,5351,Complimentary Food  for tour · Tickets for Corcovado Park,COS_TOURS,COST OF SALES,Variable,1.0,GL,false,CWL tours/5351
OJO,tours,Tours,PAYROLL,0150,6000,Salary and Wages,OPEX_TOURS,OPERATING EXPENSES,Variable,1.0,GL,false,CWL tours/6000
OJO,tours,Tours,PAYROLL,0150,6001,Overtime,OPEX_TOURS,OPERATING EXPENSES,Variable,1.0,GL,false,CWL tours/6001
OJO,tours,Tours,PAYROLL,0150,6002,Day Off,OPEX_TOURS,OPERATING EXPENSES,Variable,1.0,GL,false,CWL tours/6002
OJO,tours,Tours,PAYROLL,0150,6003,Working Holiday,OPEX_TOURS,OPERATING EXPENSES,Variable,1.0,GL,false,CWL tours/6003
OJO,tours,Tours,PAYROLL,0150,6004,Disabilities,OPEX_TOURS,OPERATING EXPENSES,Variable,1.0,ANALOGIA,false,mismo depto/PAYROLL
OJO,tours,Tours,PAYROLL,0150,6010,Commissions,OPEX_TOURS,OPERATING EXPENSES,Variable,1.0,GL,false,CWL tours/6010
OJO,tours,Tours,PAYROLL,0150,6020,Social Security,OPEX_TOURS,OPERATING EXPENSES,Variable,1.0,GL,false,CWL tours/6020
OJO,tours,Tours,PAYROLL,0150,6021,Christmas bonus,OPEX_TOURS,OPERATING EXPENSES,Variable,1.0,GL,false,CWL tours/6021
OJO,tours,Tours,PAYROLL,0150,6022,Work Risk Policy,OPEX_TOURS,OPERATING EXPENSES,Variable,1.0,GL,false,CWL tours/6022
OJO,tours,Tours,PAYROLL,0150,6023,Vacations Accrual,OPEX_TOURS,OPERATING EXPENSES,Variable,1.0,GL,false,CWL tours/6023
OJO,tours,Tours,PAYROLL,0150,6024,Vacations Taken,OPEX_TOURS,OPERATING EXPENSES,Variable,1.0,GL,false,CWL tours/6024
OJO,tours,Tours,PAYROLL,0150,6025,Cafeteria,OPEX_TOURS,OPERATING EXPENSES,Variable,1.0,GL,false,CWL tours/6025
OJO,tours,Tours,PAYROLL,0150,6026,Notice and Severance Pay,OPEX_TOURS,OPERATING EXPENSES,Variable,1.0,GL,false,CWL tours/6026
OJO,tours,Tours,PAYROLL,0150,6027,Incentive Bonus,OPEX_TOURS,OPERATING EXPENSES,Variable,1.0,GL,false,CWL tours/6027
OJO,tours,Tours,PAYROLL,0150,6028,Housing,OPEX_TOURS,OPERATING EXPENSES,Variable,1.0,GL,false,CWL tours/6028
OJO,tours,Tours,PAYROLL,0150,6029,Employee Transportation,OPEX_TOURS,OPERATING EXPENSES,Variable,1.0,GL,false,CWL tours/6029
OJO,tours,Tours,PAYROLL,0150,6030,Employee Benefit Others,OPEX_TOURS,OPERATING EXPENSES,Variable,1.0,GL,false,CWL tours/6030
OJO,tours,Tours,PAYROLL,0150,6031,contract labor,OPEX_TOURS,OPERATING EXPENSES,Variable,1.0,GL,false,CWL tours/6031
OJO,tours,Tours,OPERATING EXPENSES,0150,7105,Contract Services,OPEX_TOURS,OPERATING EXPENSES,Variable,1.0,GL,false,CWL tours/7105
OJO,tours,Tours,OPERATING EXPENSES,0150,7110,Corporate Office Reimbursables,OPEX_TOURS,OPERATING EXPENSES,Variable,1.0,ANALOGIA,false,mismo depto/OPERATING EXPENSES
OJO,tours,Tours,OPERATING EXPENSES,0150,7150,Dues and Subscriptions,OPEX_TOURS,OPERATING EXPENSES,Variable,1.0,ANALOGIA,false,mismo depto/OPERATING EXPENSES
OJO,tours,Tours,OPERATING EXPENSES,0150,7175,Entertainment—In-House,OPEX_TOURS,OPERATING EXPENSES,Variable,1.0,ANALOGIA,false,mismo depto/OPERATING EXPENSES
OJO,tours,Tours,OPERATING EXPENSES,0150,7185,Equipment Rental,OPEX_TOURS,OPERATING EXPENSES,Variable,1.0,ANALOGIA,false,mismo depto/OPERATING EXPENSES
OJO,tours,Tours,OPERATING EXPENSES,0150,7380,Miscellaneous,OPEX_TOURS,OPERATING EXPENSES,Variable,1.0,GL,false,CWL tours/7380
OJO,tours,Tours,OPERATING EXPENSES,0150,7400,Operating Supplies,OPEX_TOURS,OPERATING EXPENSES,Variable,1.0,GL,false,CWL tours/7400
OJO,tours,Tours,OPERATING EXPENSES,0150,7490,Printing and Stationery,OPEX_TOURS,OPERATING EXPENSES,Variable,1.0,GL,false,CWL tours/7490
OJO,tours,Tours,OPERATING EXPENSES,0150,7665,Training,OPEX_TOURS,OPERATING EXPENSES,Variable,1.0,GL,false,CWL tours/7665
OJO,tours,Tours,OPERATING EXPENSES,0150,7670,Travel—Meals and Entertainment,OPEX_TOURS,OPERATING EXPENSES,Variable,1.0,GL,false,CWL tours/7670
OJO,tours,Tours,OPERATING EXPENSES,0150,7675,Travel—Other,OPEX_TOURS,OPERATING EXPENSES,Variable,1.0,GL,false,CWL tours/7675
OJO,tours,Tours,OPERATING EXPENSES,0150,7680,Uniform Costs,OPEX_TOURS,OPERATING EXPENSES,Variable,1.0,GL,false,CWL tours/7680
OJO,tours,Tours,OPERATING EXPENSES,0150,7685,Uniform Laundry,OPEX_TOURS,OPERATING EXPENSES,Variable,1.0,GL,false,CWL tours/7685
OJO,transportation,Transportation,COST OF SALES,,,Renting · Transfers Cost,COS_TRANSPORTATION,COST OF SALES,Fixed Cost,0.0,LINEA,false,
OJO,transportation,Transportation,COST OF SALES,0152,5350,Renting · Transfers Cost,COS_TRANSPORTATION,COST OF SALES,Fixed Cost,0.0,GL,false,CWL transportation/5350
OJO,transportation,Transportation,COST OF SALES,0152,5351,Renting · Transfers Cost,COS_TRANSPORTATION,COST OF SALES,Fixed Cost,0.0,GL,false,CWL transportation/5351
OJO,transportation,Transportation,COST OF SALES,0152,5352,Renting · Transfers Cost,COS_TRANSPORTATION,COST OF SALES,Fixed Cost,0.0,GL,false,CWL transportation/5352
OJO,transportation,Transportation,PAYROLL,0152,6000,Salary and Wages,OPEX_TRANSPORTATION,OPERATING EXPENSES,Variable,1.0,GL,false,CWL transportation/6000
OJO,transportation,Transportation,PAYROLL,0152,6001,Overtime,OPEX_TRANSPORTATION,OPERATING EXPENSES,Variable,1.0,GL,false,CWL transportation/6001
OJO,transportation,Transportation,PAYROLL,0152,6002,Day Off,OPEX_TRANSPORTATION,OPERATING EXPENSES,Variable,1.0,GL,false,CWL transportation/6002
OJO,transportation,Transportation,PAYROLL,0152,6003,Working Holiday,OPEX_TRANSPORTATION,OPERATING EXPENSES,Variable,1.0,GL,false,CWL transportation/6003
OJO,transportation,Transportation,PAYROLL,0152,6004,Disabilities,OPEX_TRANSPORTATION,OPERATING EXPENSES,Variable,1.0,ANALOGIA,false,mismo depto/PAYROLL
OJO,transportation,Transportation,PAYROLL,0152,6010,Commissions,OPEX_TRANSPORTATION,OPERATING EXPENSES,Variable,1.0,GL,false,CWL transportation/6010
OJO,transportation,Transportation,PAYROLL,0152,6020,Social Security,OPEX_TRANSPORTATION,OPERATING EXPENSES,Variable,1.0,GL,false,CWL transportation/6020
OJO,transportation,Transportation,PAYROLL,0152,6021,Christmas bonus,OPEX_TRANSPORTATION,OPERATING EXPENSES,Variable,1.0,GL,false,CWL transportation/6021
OJO,transportation,Transportation,PAYROLL,0152,6022,Work Risk Policy,OPEX_TRANSPORTATION,OPERATING EXPENSES,Variable,1.0,GL,false,CWL transportation/6022
OJO,transportation,Transportation,PAYROLL,0152,6023,Vacations Accrual,OPEX_TRANSPORTATION,OPERATING EXPENSES,Variable,1.0,GL,false,CWL transportation/6023
OJO,transportation,Transportation,PAYROLL,0152,6024,Vacations Taken,OPEX_TRANSPORTATION,OPERATING EXPENSES,Variable,1.0,GL,false,CWL transportation/6024
OJO,transportation,Transportation,PAYROLL,0152,6025,Cafeteria,OPEX_TRANSPORTATION,OPERATING EXPENSES,Variable,1.0,GL,false,CWL transportation/6025
OJO,transportation,Transportation,PAYROLL,0152,6026,Notice and Severance Pay,OPEX_TRANSPORTATION,OPERATING EXPENSES,Variable,1.0,GL,false,CWL transportation/6026
OJO,transportation,Transportation,PAYROLL,0152,6027,Incentive Bonus,OPEX_TRANSPORTATION,OPERATING EXPENSES,Variable,1.0,GL,false,CWL transportation/6027
OJO,transportation,Transportation,PAYROLL,0152,6028,Housing,OPEX_TRANSPORTATION,OPERATING EXPENSES,Variable,1.0,GL,false,CWL transportation/6028
OJO,transportation,Transportation,PAYROLL,0152,6029,Employee Transportation,OPEX_TRANSPORTATION,OPERATING EXPENSES,Variable,1.0,GL,false,CWL transportation/6029
OJO,transportation,Transportation,PAYROLL,0152,6030,Employee Benefit Others,OPEX_TRANSPORTATION,OPERATING EXPENSES,Variable,1.0,GL,false,CWL transportation/6030
OJO,transportation,Transportation,OPERATING EXPENSES,0152,7105,Contract Services,OPEX_TRANSPORTATION,OPERATING EXPENSES,Variable,1.0,ANALOGIA,false,mismo depto/OPERATING EXPENSES
OJO,transportation,Transportation,OPERATING EXPENSES,0152,7110,Corporate Office Reimbursables,OPEX_TRANSPORTATION,OPERATING EXPENSES,Variable,1.0,ANALOGIA,false,mismo depto/OPERATING EXPENSES
OJO,transportation,Transportation,OPERATING EXPENSES,0152,7150,Dues and Subscriptions,OPEX_TRANSPORTATION,OPERATING EXPENSES,Variable,1.0,ANALOGIA,false,mismo depto/OPERATING EXPENSES
OJO,transportation,Transportation,OPERATING EXPENSES,0152,7175,Entertainment—In-House,OPEX_TRANSPORTATION,OPERATING EXPENSES,Variable,1.0,ANALOGIA,false,mismo depto/OPERATING EXPENSES
OJO,transportation,Transportation,OPERATING EXPENSES,0152,7185,Equipment Rental,OPEX_TRANSPORTATION,OPERATING EXPENSES,Variable,1.0,ANALOGIA,false,mismo depto/OPERATING EXPENSES
OJO,transportation,Transportation,OPERATING EXPENSES,0152,7380,Miscellaneous,OPEX_TRANSPORTATION,OPERATING EXPENSES,Variable,1.0,GL,false,CWL transportation/7380
OJO,transportation,Transportation,OPERATING EXPENSES,0152,7400,Operating Supplies,OPEX_TRANSPORTATION,OPERATING EXPENSES,Variable,1.0,GL,false,CWL transportation/7400
OJO,transportation,Transportation,OPERATING EXPENSES,0152,7490,Printing and Stationery,OPEX_TRANSPORTATION,OPERATING EXPENSES,Variable,1.0,GL,false,CWL transportation/7490
OJO,transportation,Transportation,OPERATING EXPENSES,0152,7665,Training,OPEX_TRANSPORTATION,OPERATING EXPENSES,Variable,1.0,GL,false,CWL transportation/7665
OJO,transportation,Transportation,OPERATING EXPENSES,0152,7670,Travel—Meals and Entertainment,OPEX_TRANSPORTATION,OPERATING EXPENSES,Variable,1.0,GL,false,CWL transportation/7670
OJO,transportation,Transportation,OPERATING EXPENSES,0152,7675,Travel—Other,OPEX_TRANSPORTATION,OPERATING EXPENSES,Variable,1.0,GL,false,CWL transportation/7675
OJO,transportation,Transportation,OPERATING EXPENSES,0152,7680,Uniform Costs,OPEX_TRANSPORTATION,OPERATING EXPENSES,Variable,1.0,GL,false,CWL transportation/7680
OJO,transportation,Transportation,OPERATING EXPENSES,0152,7685,Uniform Laundry,OPEX_TRANSPORTATION,OPERATING EXPENSES,Variable,1.0,GL,false,CWL transportation/7685
OJO,laundry,Laundry,COST OF SALES,,,Laundry Cost,COS_LAUNDRY,COST OF SALES,Variable,1.0,LINEA,false,
OJO,laundry,Laundry,COST OF SALES,0161,5603,Laundry Cost,COS_LAUNDRY,COST OF SALES,Variable,1.0,GL,false,CWL laundry/5603
OJO,laundry,Laundry,PAYROLL,0161,6000,Salary and Wages,OH_LAUNDRY,OVERHEAD EXPENSES,Fixed Cost,0.0,ANALOGIA,false,misma cuenta/SOPORTE
OJO,laundry,Laundry,PAYROLL,0161,6001,Overtime,OH_LAUNDRY,OVERHEAD EXPENSES,Fixed Cost,0.0,ANALOGIA,false,misma cuenta/SOPORTE
OJO,laundry,Laundry,PAYROLL,0161,6002,Day Off,OH_LAUNDRY,OVERHEAD EXPENSES,Fixed Cost,0.0,ANALOGIA,false,misma cuenta/SOPORTE
OJO,laundry,Laundry,PAYROLL,0161,6003,Working Holiday,OH_LAUNDRY,OVERHEAD EXPENSES,Fixed Cost,0.0,ANALOGIA,false,misma cuenta/SOPORTE
OJO,laundry,Laundry,PAYROLL,0161,6004,Disabilities,OH_LAUNDRY,OVERHEAD EXPENSES,Fixed Cost,0.0,ANALOGIA,false,SOPORTE/PAYROLL
OJO,laundry,Laundry,PAYROLL,0161,6010,Commissions,OH_LAUNDRY,OVERHEAD EXPENSES,Fixed Cost,0.0,ANALOGIA,false,misma cuenta/SOPORTE
OJO,laundry,Laundry,PAYROLL,0161,6020,Social Security,OH_LAUNDRY,OVERHEAD EXPENSES,Fixed Cost,0.0,ANALOGIA,false,misma cuenta/SOPORTE
OJO,laundry,Laundry,PAYROLL,0161,6021,Christmas bonus,OH_LAUNDRY,OVERHEAD EXPENSES,Fixed Cost,0.0,ANALOGIA,false,misma cuenta/SOPORTE
OJO,laundry,Laundry,PAYROLL,0161,6022,Work Risk Policy,OH_LAUNDRY,OVERHEAD EXPENSES,Fixed Cost,0.0,ANALOGIA,false,misma cuenta/SOPORTE
OJO,laundry,Laundry,PAYROLL,0161,6023,Vacations Accrual,OH_LAUNDRY,OVERHEAD EXPENSES,Fixed Cost,0.0,ANALOGIA,false,misma cuenta/SOPORTE
OJO,laundry,Laundry,PAYROLL,0161,6024,Vacations Taken,OH_LAUNDRY,OVERHEAD EXPENSES,Fixed Cost,0.0,ANALOGIA,false,misma cuenta/SOPORTE
OJO,laundry,Laundry,PAYROLL,0161,6025,Cafeteria,OH_LAUNDRY,OVERHEAD EXPENSES,Fixed Cost,0.0,ANALOGIA,false,misma cuenta/SOPORTE
OJO,laundry,Laundry,PAYROLL,0161,6026,Notice and Severance Pay,OH_LAUNDRY,OVERHEAD EXPENSES,Fixed Cost,0.0,ANALOGIA,false,misma cuenta/SOPORTE
OJO,laundry,Laundry,PAYROLL,0161,6027,Incentive Bonus,OH_LAUNDRY,OVERHEAD EXPENSES,Fixed Cost,0.0,ANALOGIA,false,misma cuenta/SOPORTE
OJO,laundry,Laundry,PAYROLL,0161,6028,Housing,OH_LAUNDRY,OVERHEAD EXPENSES,Fixed Cost,0.0,ANALOGIA,false,misma cuenta/SOPORTE
OJO,laundry,Laundry,PAYROLL,0161,6029,Employee Transportation,OH_LAUNDRY,OVERHEAD EXPENSES,Fixed Cost,0.0,ANALOGIA,false,misma cuenta/SOPORTE
OJO,laundry,Laundry,PAYROLL,0161,6030,Employee Benefit Others,OH_LAUNDRY,OVERHEAD EXPENSES,Fixed Cost,0.0,ANALOGIA,false,misma cuenta/SOPORTE
OJO,laundry,Laundry,OPERATING EXPENSES,0161,7065,Cleaning Supplies,OH_LAUNDRY,OVERHEAD EXPENSES,Fixed Cost,0.0,ANALOGIA,false,hermana en 0161/OH_LAUNDRY
OJO,laundry,Laundry,OPERATING EXPENSES,0161,7100,Complimentary Services and Gifts,OH_LAUNDRY,OVERHEAD EXPENSES,Fixed Cost,0.0,ANALOGIA,false,misma cuenta/SOPORTE
OJO,laundry,Laundry,OPERATING EXPENSES,0161,7105,Contract Services,OH_LAUNDRY,OVERHEAD EXPENSES,Fixed Cost,0.0,ANALOGIA,false,misma cuenta/SOPORTE
OJO,laundry,Laundry,OPERATING EXPENSES,0161,7110,Corporate Office Reimbursables,OH_LAUNDRY,OVERHEAD EXPENSES,Fixed Cost,0.0,ANALOGIA,false,misma cuenta/SOPORTE
OJO,laundry,Laundry,OPERATING EXPENSES,0161,7125,Decorations,OH_LAUNDRY,OVERHEAD EXPENSES,Fixed Cost,0.0,ANALOGIA,false,misma cuenta/SOPORTE
OJO,laundry,Laundry,OPERATING EXPENSES,0161,7150,Dues and Subscriptions,OH_LAUNDRY,OVERHEAD EXPENSES,Fixed Cost,0.0,ANALOGIA,false,misma cuenta/SOPORTE
OJO,laundry,Laundry,OPERATING EXPENSES,0161,7175,Entertainment—In-House,OH_LAUNDRY,OVERHEAD EXPENSES,Fixed Cost,0.0,ANALOGIA,false,misma cuenta/SOPORTE
OJO,laundry,Laundry,OPERATING EXPENSES,0161,7185,Equipment Rental,OH_LAUNDRY,OVERHEAD EXPENSES,Fixed Cost,0.0,ANALOGIA,false,misma cuenta/SOPORTE
OJO,laundry,Laundry,OPERATING EXPENSES,0161,7310,Laundry and Dry Cleaning,OH_LAUNDRY,OVERHEAD EXPENSES,Fixed Cost,0.0,ANALOGIA,false,hermana en 0161/OH_LAUNDRY
OJO,laundry,Laundry,OPERATING EXPENSES,0161,7320,Laundry Supplies,OH_LAUNDRY,OVERHEAD EXPENSES,Fixed Cost,0.0,ANALOGIA,false,hermana en 0161/OH_LAUNDRY
OJO,laundry,Laundry,OPERATING EXPENSES,0161,7335,Licenses and Permits,OH_LAUNDRY,OVERHEAD EXPENSES,Fixed Cost,0.0,ANALOGIA,false,misma cuenta/SOPORTE
OJO,laundry,Laundry,OPERATING EXPENSES,0161,7380,Miscellaneous,OH_LAUNDRY,OVERHEAD EXPENSES,Fixed Cost,0.0,ANALOGIA,false,misma cuenta/SOPORTE
OJO,laundry,Laundry,OPERATING EXPENSES,0161,7400,Operating Supplies,OH_LAUNDRY,OVERHEAD EXPENSES,Fixed Cost,0.0,ANALOGIA,false,misma cuenta/SOPORTE
OJO,laundry,Laundry,OPERATING EXPENSES,0161,7490,Printing and Stationery,OH_LAUNDRY,OVERHEAD EXPENSES,Fixed Cost,0.0,ANALOGIA,false,hermana en 0161/OH_LAUNDRY
OJO,laundry,Laundry,OPERATING EXPENSES,0161,7665,Training,OH_LAUNDRY,OVERHEAD EXPENSES,Fixed Cost,0.0,ANALOGIA,false,misma cuenta/SOPORTE
OJO,laundry,Laundry,OPERATING EXPENSES,0161,7670,Travel—Meals and Entertainment,OH_LAUNDRY,OVERHEAD EXPENSES,Fixed Cost,0.0,ANALOGIA,false,misma cuenta/SOPORTE
OJO,laundry,Laundry,OPERATING EXPENSES,0161,7675,Travel—Other,OH_LAUNDRY,OVERHEAD EXPENSES,Fixed Cost,0.0,ANALOGIA,false,hermana en 0161/OH_LAUNDRY
OJO,laundry,Laundry,OPERATING EXPENSES,0161,7680,Uniform Costs,OH_LAUNDRY,OVERHEAD EXPENSES,Fixed Cost,0.0,ANALOGIA,false,misma cuenta/SOPORTE
OJO,laundry,Laundry,OPERATING EXPENSES,0161,7685,Uniform Laundry,OH_LAUNDRY,OVERHEAD EXPENSES,Fixed Cost,0.0,ANALOGIA,false,misma cuenta/SOPORTE
OJO,laundry,Laundry,COST OF SALES,0162,5301,Laundry Cost,COS_LAUNDRY,COST OF SALES,Variable,1.0,GL,false,CWL laundry/5301
OJO,laundry,Laundry,COST OF SALES,0162,5603,Laundry Cost,COS_LAUNDRY,COST OF SALES,Variable,1.0,GL,false,CWL laundry/5603
OJO,laundry,Laundry,PAYROLL,0162,6000,Salary and Wages,OPEX_LAUNDRY,OPERATING EXPENSES,Fixed Cost,0.0,ANALOGIA,false,misma cuenta/SOPORTE
OJO,laundry,Laundry,PAYROLL,0162,6001,Overtime,OPEX_LAUNDRY,OPERATING EXPENSES,Fixed Cost,0.0,ANALOGIA,false,misma cuenta/SOPORTE
OJO,laundry,Laundry,PAYROLL,0162,6002,Day Off,OPEX_LAUNDRY,OPERATING EXPENSES,Fixed Cost,0.0,ANALOGIA,false,misma cuenta/SOPORTE
OJO,laundry,Laundry,PAYROLL,0162,6003,Working Holiday,OPEX_LAUNDRY,OPERATING EXPENSES,Fixed Cost,0.0,ANALOGIA,false,misma cuenta/SOPORTE
OJO,laundry,Laundry,PAYROLL,0162,6004,Disabilities,OPEX_LAUNDRY,OPERATING EXPENSES,Fixed Cost,0.0,ANALOGIA,false,SOPORTE/PAYROLL
OJO,laundry,Laundry,PAYROLL,0162,6010,Commissions,OPEX_LAUNDRY,OPERATING EXPENSES,Fixed Cost,0.0,ANALOGIA,false,misma cuenta/SOPORTE
OJO,laundry,Laundry,PAYROLL,0162,6020,Social Security,OPEX_LAUNDRY,OPERATING EXPENSES,Fixed Cost,0.0,ANALOGIA,false,misma cuenta/SOPORTE
OJO,laundry,Laundry,PAYROLL,0162,6021,Christmas bonus,OPEX_LAUNDRY,OPERATING EXPENSES,Fixed Cost,0.0,ANALOGIA,false,misma cuenta/SOPORTE
OJO,laundry,Laundry,PAYROLL,0162,6022,Work Risk Policy,OPEX_LAUNDRY,OPERATING EXPENSES,Fixed Cost,0.0,ANALOGIA,false,misma cuenta/SOPORTE
OJO,laundry,Laundry,PAYROLL,0162,6023,Vacations Accrual,OPEX_LAUNDRY,OPERATING EXPENSES,Fixed Cost,0.0,ANALOGIA,false,misma cuenta/SOPORTE
OJO,laundry,Laundry,PAYROLL,0162,6024,Vacations Taken,OPEX_LAUNDRY,OPERATING EXPENSES,Fixed Cost,0.0,ANALOGIA,false,misma cuenta/SOPORTE
OJO,laundry,Laundry,PAYROLL,0162,6025,Cafeteria,OPEX_LAUNDRY,OPERATING EXPENSES,Fixed Cost,0.0,ANALOGIA,false,misma cuenta/SOPORTE
OJO,laundry,Laundry,PAYROLL,0162,6026,Notice and Severance Pay,OPEX_LAUNDRY,OPERATING EXPENSES,Fixed Cost,0.0,ANALOGIA,false,misma cuenta/SOPORTE
OJO,laundry,Laundry,PAYROLL,0162,6027,Incentive Bonus,OPEX_LAUNDRY,OPERATING EXPENSES,Fixed Cost,0.0,ANALOGIA,false,misma cuenta/SOPORTE
OJO,laundry,Laundry,PAYROLL,0162,6028,Housing,OPEX_LAUNDRY,OPERATING EXPENSES,Fixed Cost,0.0,ANALOGIA,false,misma cuenta/SOPORTE
OJO,laundry,Laundry,PAYROLL,0162,6029,Employee Transportation,OPEX_LAUNDRY,OPERATING EXPENSES,Fixed Cost,0.0,ANALOGIA,false,misma cuenta/SOPORTE
OJO,laundry,Laundry,PAYROLL,0162,6030,Employee Benefit Others,OPEX_LAUNDRY,OPERATING EXPENSES,Fixed Cost,0.0,ANALOGIA,false,misma cuenta/SOPORTE
OJO,laundry,Laundry,OPERATING EXPENSES,0162,7685,Uniform Laundry,OPEX_LAUNDRY,OPERATING EXPENSES,Fixed Cost,0.0,ANALOGIA,false,misma cuenta/SOPORTE
OJO,ag,A&G,OPERATING EXPENSES,,,PAYROLLl Processing,OH_ADMIN,OVERHEAD EXPENSES,Fixed Cost,0.0,LINEA,false,
OJO,ag,A&G,PAYROLL,0180,6000,Salary and Wages,OH_ADMIN,OVERHEAD EXPENSES,Fixed Cost,0.0,GL,false,CWL ag/6000
OJO,ag,A&G,PAYROLL,0180,6001,Overtime,OH_ADMIN,OVERHEAD EXPENSES,Fixed Cost,0.0,GL,false,CWL ag/6001
OJO,ag,A&G,PAYROLL,0180,6002,Day Off,OH_ADMIN,OVERHEAD EXPENSES,Fixed Cost,0.0,GL,false,CWL ag/6002
OJO,ag,A&G,PAYROLL,0180,6003,Working Holiday,OH_ADMIN,OVERHEAD EXPENSES,Fixed Cost,0.0,GL,false,CWL ag/6003
OJO,ag,A&G,PAYROLL,0180,6004,Disabilities,OH_ADMIN,OVERHEAD EXPENSES,Fixed Cost,0.0,ANALOGIA,false,mismo depto/PAYROLL
OJO,ag,A&G,PAYROLL,0180,6010,Commissions,OH_ADMIN,OVERHEAD EXPENSES,Fixed Cost,0.0,GL,false,CWL ag/6010
OJO,ag,A&G,PAYROLL,0180,6020,Social Security,OH_ADMIN,OVERHEAD EXPENSES,Fixed Cost,0.0,GL,false,CWL ag/6020
OJO,ag,A&G,PAYROLL,0180,6021,Christmas bonus,OH_ADMIN,OVERHEAD EXPENSES,Fixed Cost,0.0,GL,false,CWL ag/6021
OJO,ag,A&G,PAYROLL,0180,6022,Work Risk Policy,OH_ADMIN,OVERHEAD EXPENSES,Fixed Cost,0.0,GL,false,CWL ag/6022
OJO,ag,A&G,PAYROLL,0180,6023,Vacations Accrual,OH_ADMIN,OVERHEAD EXPENSES,Fixed Cost,0.0,GL,false,CWL ag/6023
OJO,ag,A&G,PAYROLL,0180,6024,Vacations Taken,OH_ADMIN,OVERHEAD EXPENSES,Fixed Cost,0.0,GL,false,CWL ag/6024
OJO,ag,A&G,PAYROLL,0180,6025,Cafeteria,OH_ADMIN,OVERHEAD EXPENSES,Fixed Cost,0.0,GL,false,CWL ag/6025
OJO,ag,A&G,PAYROLL,0180,6026,Notice and Severance Pay,OH_ADMIN,OVERHEAD EXPENSES,Fixed Cost,0.0,GL,false,CWL ag/6026
OJO,ag,A&G,PAYROLL,0180,6027,Incentive Bonus,OH_ADMIN,OVERHEAD EXPENSES,Fixed Cost,0.0,GL,false,CWL ag/6027
OJO,ag,A&G,OPERATING EXPENSES,0180,6028,PAYROLLl Processing,OH_ADMIN,OVERHEAD EXPENSES,Fixed Cost,0.0,GL,false,CWL ag/6028
OJO,ag,A&G,PAYROLL,0180,6029,Employee Transportation,OH_ADMIN,OVERHEAD EXPENSES,Fixed Cost,0.0,GL,false,CWL ag/6029
OJO,ag,A&G,PAYROLL,0180,6030,Employee Benefit Others,OH_ADMIN,OVERHEAD EXPENSES,Fixed Cost,0.0,GL,false,CWL ag/6030
OJO,ag,A&G,OPERATING EXPENSES,0180,7015,Audit Charges,OH_ADMIN,OVERHEAD EXPENSES,Fixed Cost,0.0,GL,false,CWL ag/7015
OJO,ag,A&G,OPERATING EXPENSES,0180,7020,Bank Charges,OH_ADMIN,OVERHEAD EXPENSES,Fixed Cost,0.0,GL,false,CWL ag/7020
OJO,ag,A&G,OPERATING EXPENSES,0180,7045,Cash Overages and Shortages,OH_ADMIN,OVERHEAD EXPENSES,Fixed Cost,0.0,GL,false,CWL ag/7045
OJO,ag,A&G,OPERATING EXPENSES,0180,7050,Centralized Accounting Charges,OH_ADMIN,OVERHEAD EXPENSES,Fixed Cost,0.0,GL,false,CWL ag/7050
OJO,ag,A&G,OPERATING EXPENSES,0180,7070,Cluster Services,OH_ADMIN,OVERHEAD EXPENSES,Fixed Cost,0.0,GL,false,CWL ag/7070
OJO,ag,A&G,OPERATING EXPENSES,0180,7100,Complimentary Services and Gifts,OH_ADMIN,OVERHEAD EXPENSES,Fixed Cost,0.0,GL,false,CWL ag/7100
OJO,ag,A&G,OPERATING EXPENSES,0180,7105,Contract Services,OH_ADMIN,OVERHEAD EXPENSES,Fixed Cost,0.0,GL,false,CWL ag/7105
OJO,ag,A&G,OPERATING EXPENSES,0180,7110,Corporate Office Reimbursables,OH_ADMIN,OVERHEAD EXPENSES,Fixed Cost,0.0,GL,false,CWL ag/7110
OJO,ag,A&G,OPERATING EXPENSES,0180,7115,Credit and Collection,OH_ADMIN,OVERHEAD EXPENSES,Fixed Cost,0.0,GL,false,CWL ag/7115
OJO,ag,A&G,OPERATING EXPENSES,0180,7120,Credit Card Commissions,OH_ADMIN,OVERHEAD EXPENSES,Fixed Cost,0.0,GL,false,CWL ag/7120
OJO,ag,A&G,OPERATING EXPENSES,0180,7125,Decorations,OH_ADMIN,OVERHEAD EXPENSES,Fixed Cost,0.0,GL,false,CWL ag/7125
OJO,ag,A&G,OPERATING EXPENSES,0180,7145,Donations,OH_ADMIN,OVERHEAD EXPENSES,Fixed Cost,0.0,GL,false,CWL ag/7145
OJO,ag,A&G,OPERATING EXPENSES,0180,7150,Dues and Subscriptions,OH_ADMIN,OVERHEAD EXPENSES,Fixed Cost,0.0,GL,false,CWL ag/7150
OJO,ag,A&G,OPERATING EXPENSES,0180,7175,Entertainment—In-House,OH_ADMIN,OVERHEAD EXPENSES,Fixed Cost,0.0,GL,false,CWL ag/7175
OJO,ag,A&G,OPERATING EXPENSES,0180,7185,Equipment Rental,OH_ADMIN,OVERHEAD EXPENSES,Fixed Cost,0.0,GL,false,CWL ag/7185
OJO,ag,A&G,OPERATING EXPENSES,0180,7225,Gains (Losses),OH_ADMIN,OVERHEAD EXPENSES,Fixed Cost,0.0,GL,false,CWL ag/7225
OJO,ag,A&G,OPERATING EXPENSES,0180,7270,Human Resources,OH_ADMIN,OVERHEAD EXPENSES,Fixed Cost,0.0,GL,false,CWL ag/7270
OJO,ag,A&G,OPERATING EXPENSES,0180,7325,Legal Services,OH_ADMIN,OVERHEAD EXPENSES,Fixed Cost,0.0,GL,false,CWL ag/7325
OJO,ag,A&G,OPERATING EXPENSES,0180,7335,Licenses and Permits,OH_ADMIN,OVERHEAD EXPENSES,Fixed Cost,0.0,GL,false,CWL ag/7335
OJO,ag,A&G,OPERATING EXPENSES,0180,7355,Loss and Damage,OH_ADMIN,OVERHEAD EXPENSES,Fixed Cost,0.0,GL,false,CWL ag/7355
OJO,ag,A&G,OPERATING EXPENSES,0180,7380,Miscellaneous,OH_ADMIN,OVERHEAD EXPENSES,Fixed Cost,0.0,GL,false,CWL ag/7380
OJO,ag,A&G,OPERATING EXPENSES,0180,7390,Non-Guest-Related Foreign Currency Exchange,OH_ADMIN,OVERHEAD EXPENSES,Fixed Cost,0.0,GL,false,CWL ag/7390
OJO,ag,A&G,OPERATING EXPENSES,0180,7400,Operating Supplies,OH_ADMIN,OVERHEAD EXPENSES,Fixed Cost,0.0,GL,false,CWL ag/7400
OJO,ag,A&G,OPERATING EXPENSES,0180,7465,PAYROLLl Processing,OH_ADMIN,OVERHEAD EXPENSES,Fixed Cost,0.0,GL,false,CWL ag/7465
OJO,ag,A&G,OPERATING EXPENSES,0180,7485,Postage and Overnight Delivery Charges,OH_ADMIN,OVERHEAD EXPENSES,Fixed Cost,0.0,GL,false,CWL ag/7485
OJO,ag,A&G,OPERATING EXPENSES,0180,7495,Professional Fees,OH_ADMIN,OVERHEAD EXPENSES,Fixed Cost,0.0,GL,false,CWL ag/7495
OJO,ag,A&G,OPERATING EXPENSES,0180,7510,Provision for Doubtful Accounts,OH_ADMIN,OVERHEAD EXPENSES,Fixed Cost,0.0,GL,false,CWL ag/7510
OJO,ag,A&G,OPERATING EXPENSES,0180,7535,Security,OH_ADMIN,OVERHEAD EXPENSES,Fixed Cost,0.0,GL,false,CWL ag/7535
OJO,ag,A&G,OPERATING EXPENSES,0180,7540,Settlement Costs,OH_ADMIN,OVERHEAD EXPENSES,Fixed Cost,0.0,GL,false,CWL ag/7540
OJO,ag,A&G,OPERATING EXPENSES,0180,7545,Staff Transportation,OH_ADMIN,OVERHEAD EXPENSES,Fixed Cost,0.0,GL,false,CWL ag/7545
OJO,ag,A&G,OPERATING EXPENSES,0180,7665,Training,OH_ADMIN,OVERHEAD EXPENSES,Fixed Cost,0.0,GL,false,CWL ag/7665
OJO,ag,A&G,OPERATING EXPENSES,0180,7670,Travel—Meals and Entertainment,OH_ADMIN,OVERHEAD EXPENSES,Fixed Cost,0.0,GL,false,CWL ag/7670
OJO,ag,A&G,OPERATING EXPENSES,0180,7675,Travel—Other,OH_ADMIN,OVERHEAD EXPENSES,Fixed Cost,0.0,GL,false,CWL ag/7675
OJO,ag,A&G,OPERATING EXPENSES,0180,7680,Uniform Costs,OH_ADMIN,OVERHEAD EXPENSES,Fixed Cost,0.0,GL,false,CWL ag/7680
OJO,ag,A&G,OPERATING EXPENSES,0180,7685,Uniform Laundry,OH_ADMIN,OVERHEAD EXPENSES,Fixed Cost,0.0,GL,false,CWL ag/7685
OJO,ag,A&G,COST OF SALES,0181,5700,Cost of Cells Phones,COH_CAFETERIA,OVERHEAD COST OF SALES,Fixed Cost,0.0,ANALOGIA,false,misma cuenta/SOPORTE
OJO,ag,A&G,COST OF SALES,0181,5701,Cost of Local Calls,COH_CAFETERIA,OVERHEAD COST OF SALES,Fixed Cost,0.0,ANALOGIA,false,misma cuenta/SOPORTE
OJO,ag,A&G,PAYROLL,0181,6000,Salary and Wages,OH_ADMIN,OVERHEAD EXPENSES,Fixed Cost,0.0,GL,false,CWL ag/6000
OJO,ag,A&G,PAYROLL,0181,6001,Overtime,OH_ADMIN,OVERHEAD EXPENSES,Fixed Cost,0.0,GL,false,CWL ag/6001
OJO,ag,A&G,PAYROLL,0181,6002,Day Off,OH_ADMIN,OVERHEAD EXPENSES,Fixed Cost,0.0,GL,false,CWL ag/6002
OJO,ag,A&G,PAYROLL,0181,6003,Working Holiday,OH_ADMIN,OVERHEAD EXPENSES,Fixed Cost,0.0,GL,false,CWL ag/6003
OJO,ag,A&G,PAYROLL,0181,6004,Disabilities,OH_ADMIN,OVERHEAD EXPENSES,Fixed Cost,0.0,ANALOGIA,false,mismo depto/PAYROLL
OJO,ag,A&G,PAYROLL,0181,6010,Commissions,OH_ADMIN,OVERHEAD EXPENSES,Fixed Cost,0.0,GL,false,CWL ag/6010
OJO,ag,A&G,PAYROLL,0181,6020,Social Security,OH_ADMIN,OVERHEAD EXPENSES,Fixed Cost,0.0,GL,false,CWL ag/6020
OJO,ag,A&G,PAYROLL,0181,6021,Christmas bonus,OH_ADMIN,OVERHEAD EXPENSES,Fixed Cost,0.0,GL,false,CWL ag/6021
OJO,ag,A&G,PAYROLL,0181,6022,Work Risk Policy,OH_ADMIN,OVERHEAD EXPENSES,Fixed Cost,0.0,GL,false,CWL ag/6022
OJO,ag,A&G,PAYROLL,0181,6023,Vacations Accrual,OH_ADMIN,OVERHEAD EXPENSES,Fixed Cost,0.0,GL,false,CWL ag/6023
OJO,ag,A&G,PAYROLL,0181,6024,Vacations Taken,OH_ADMIN,OVERHEAD EXPENSES,Fixed Cost,0.0,GL,false,CWL ag/6024
OJO,ag,A&G,PAYROLL,0181,6025,Cafeteria,OH_ADMIN,OVERHEAD EXPENSES,Fixed Cost,0.0,GL,false,CWL ag/6025
OJO,ag,A&G,PAYROLL,0181,6026,Notice and Severance Pay,OH_ADMIN,OVERHEAD EXPENSES,Fixed Cost,0.0,GL,false,CWL ag/6026
OJO,ag,A&G,PAYROLL,0181,6027,Incentive Bonus,OH_ADMIN,OVERHEAD EXPENSES,Fixed Cost,0.0,GL,false,CWL ag/6027
OJO,ag,A&G,OPERATING EXPENSES,0181,6028,PAYROLLl Processing,OH_ADMIN,OVERHEAD EXPENSES,Fixed Cost,0.0,GL,false,CWL ag/6028
OJO,ag,A&G,PAYROLL,0181,6029,Employee Transportation,OH_ADMIN,OVERHEAD EXPENSES,Fixed Cost,0.0,GL,false,CWL ag/6029
OJO,ag,A&G,PAYROLL,0181,6030,Employee Benefit Others,OH_ADMIN,OVERHEAD EXPENSES,Fixed Cost,0.0,GL,false,CWL ag/6030
OJO,ag,A&G,OPERATING EXPENSES,0181,7060,China,OPEX_FB,OPERATING EXPENSES,Fixed Cost,0.0,ANALOGIA,false,mismo depto/OPERATING EXPENSES
OJO,ag,A&G,OPERATING EXPENSES,0181,7065,Cleaning Supplies,OPEX_ROOMS,OPERATING EXPENSES,Fixed Cost,0.0,ANALOGIA,false,mismo depto/OPERATING EXPENSES
OJO,ag,A&G,OPERATING EXPENSES,0181,7105,Contract Services,OH_ADMIN,OVERHEAD EXPENSES,Fixed Cost,0.0,GL,false,CWL ag/7105
OJO,ag,A&G,OPERATING EXPENSES,0181,7110,Corporate Office Reimbursables,OH_ADMIN,OVERHEAD EXPENSES,Fixed Cost,0.0,GL,false,CWL ag/7110
OJO,ag,A&G,OPERATING EXPENSES,0181,7125,Decorations,OH_ADMIN,OVERHEAD EXPENSES,Fixed Cost,0.0,GL,false,CWL ag/7125
OJO,ag,A&G,OPERATING EXPENSES,0181,7140,Dishwashing Supplies,OPEX_FB,OPERATING EXPENSES,Fixed Cost,0.0,ANALOGIA,false,mismo depto/OPERATING EXPENSES
OJO,ag,A&G,OPERATING EXPENSES,0181,7150,Dues and Subscriptions,OH_ADMIN,OVERHEAD EXPENSES,Fixed Cost,0.0,GL,false,CWL ag/7150
OJO,ag,A&G,OPERATING EXPENSES,0181,7175,Entertainment—In-House,OH_ADMIN,OVERHEAD EXPENSES,Fixed Cost,0.0,GL,false,CWL ag/7175
OJO,ag,A&G,OPERATING EXPENSES,0181,7185,Equipment Rental,OH_ADMIN,OVERHEAD EXPENSES,Fixed Cost,0.0,GL,false,CWL ag/7185
OJO,ag,A&G,OPERATING EXPENSES,0181,7195,Flatware,OPEX_FB,OPERATING EXPENSES,Fixed Cost,0.0,ANALOGIA,false,mismo depto/OPERATING EXPENSES
OJO,ag,A&G,OPERATING EXPENSES,0181,7235,Glassware,OPEX_FB,OPERATING EXPENSES,Fixed Cost,0.0,ANALOGIA,false,mismo depto/OPERATING EXPENSES
OJO,ag,A&G,OPERATING EXPENSES,0181,7275,Ice,OPEX_FB,OPERATING EXPENSES,Fixed Cost,0.0,ANALOGIA,false,mismo depto/OPERATING EXPENSES
OJO,ag,A&G,OPERATING EXPENSES,0181,7295,Kitchen Fuel,OPEX_FB,OPERATING EXPENSES,Fixed Cost,0.0,ANALOGIA,false,mismo depto/OPERATING EXPENSES
OJO,ag,A&G,OPERATING EXPENSES,0181,7300,Kitchen Smallwares,OPEX_FB,OPERATING EXPENSES,Fixed Cost,0.0,ANALOGIA,false,mismo depto/OPERATING EXPENSES
OJO,ag,A&G,OPERATING EXPENSES,0181,7310,Laundry and Dry Cleaning,OPEX_ROOMS,OPERATING EXPENSES,Fixed Cost,0.0,ANALOGIA,false,mismo depto/OPERATING EXPENSES
OJO,ag,A&G,OPERATING EXPENSES,0181,7335,Licenses and Permits,OH_ADMIN,OVERHEAD EXPENSES,Fixed Cost,0.0,GL,false,CWL ag/7335
OJO,ag,A&G,OPERATING EXPENSES,0181,7350,Linen,OPEX_ROOMS,OPERATING EXPENSES,Fixed Cost,0.0,ANALOGIA,false,mismo depto/OPERATING EXPENSES
OJO,ag,A&G,OPERATING EXPENSES,0181,7380,Miscellaneous,OH_ADMIN,OVERHEAD EXPENSES,Fixed Cost,0.0,GL,false,CWL ag/7380
OJO,ag,A&G,OPERATING EXPENSES,0181,7400,Operating Supplies,OH_ADMIN,OVERHEAD EXPENSES,Fixed Cost,0.0,GL,false,CWL ag/7400
OJO,ag,A&G,OPERATING EXPENSES,0181,7460,Paper and Plastics,OPEX_FB,OPERATING EXPENSES,Fixed Cost,0.0,ANALOGIA,false,mismo depto/OPERATING EXPENSES
OJO,ag,A&G,OPERATING EXPENSES,0181,7490,Printing and Stationery,OPEX_ROOMS,OPERATING EXPENSES,Fixed Cost,0.0,ANALOGIA,false,mismo depto/OPERATING EXPENSES
OJO,ag,A&G,OPERATING EXPENSES,0181,7665,Training,OH_ADMIN,OVERHEAD EXPENSES,Fixed Cost,0.0,GL,false,CWL ag/7665
OJO,ag,A&G,OPERATING EXPENSES,0181,7670,Travel—Meals and Entertainment,OH_ADMIN,OVERHEAD EXPENSES,Fixed Cost,0.0,GL,false,CWL ag/7670
OJO,ag,A&G,OPERATING EXPENSES,0181,7675,Travel—Other,OH_ADMIN,OVERHEAD EXPENSES,Fixed Cost,0.0,GL,false,CWL ag/7675
OJO,ag,A&G,OPERATING EXPENSES,0181,7680,Uniform Costs,OH_ADMIN,OVERHEAD EXPENSES,Fixed Cost,0.0,GL,false,CWL ag/7680
OJO,ag,A&G,OPERATING EXPENSES,0181,7685,Uniform Laundry,OH_ADMIN,OVERHEAD EXPENSES,Fixed Cost,0.0,GL,false,CWL ag/7685
OJO,ag,A&G,OPERATING EXPENSES,0181,7695,Utensils,OPEX_FB,OPERATING EXPENSES,Fixed Cost,0.0,ANALOGIA,false,mismo depto/OPERATING EXPENSES
OJO,ag,A&G,PAYROLL,0184,6000,Salary and Wages,OH_ADMIN,OVERHEAD EXPENSES,Fixed Cost,0.0,GL,false,CWL ag/6000
OJO,ag,A&G,PAYROLL,0184,6001,Overtime,OH_ADMIN,OVERHEAD EXPENSES,Fixed Cost,0.0,GL,false,CWL ag/6001
OJO,ag,A&G,PAYROLL,0184,6002,Day Off,OH_ADMIN,OVERHEAD EXPENSES,Fixed Cost,0.0,GL,false,CWL ag/6002
OJO,ag,A&G,PAYROLL,0184,6003,Working Holiday,OH_ADMIN,OVERHEAD EXPENSES,Fixed Cost,0.0,GL,false,CWL ag/6003
OJO,ag,A&G,PAYROLL,0184,6004,Disabilities,OH_ADMIN,OVERHEAD EXPENSES,Fixed Cost,0.0,ANALOGIA,false,mismo depto/PAYROLL
OJO,ag,A&G,PAYROLL,0184,6010,Commissions,OH_ADMIN,OVERHEAD EXPENSES,Fixed Cost,0.0,GL,false,CWL ag/6010
OJO,ag,A&G,PAYROLL,0184,6020,Social Security,OH_ADMIN,OVERHEAD EXPENSES,Fixed Cost,0.0,GL,false,CWL ag/6020
OJO,ag,A&G,PAYROLL,0184,6021,Christmas bonus,OH_ADMIN,OVERHEAD EXPENSES,Fixed Cost,0.0,GL,false,CWL ag/6021
OJO,ag,A&G,PAYROLL,0184,6022,Work Risk Policy,OH_ADMIN,OVERHEAD EXPENSES,Fixed Cost,0.0,GL,false,CWL ag/6022
OJO,ag,A&G,PAYROLL,0184,6023,Vacations Accrual,OH_ADMIN,OVERHEAD EXPENSES,Fixed Cost,0.0,GL,false,CWL ag/6023
OJO,ag,A&G,PAYROLL,0184,6024,Vacations Taken,OH_ADMIN,OVERHEAD EXPENSES,Fixed Cost,0.0,GL,false,CWL ag/6024
OJO,ag,A&G,PAYROLL,0184,6025,Cafeteria,OH_ADMIN,OVERHEAD EXPENSES,Fixed Cost,0.0,GL,false,CWL ag/6025
OJO,ag,A&G,PAYROLL,0184,6026,Notice and Severance Pay,OH_ADMIN,OVERHEAD EXPENSES,Fixed Cost,0.0,GL,false,CWL ag/6026
OJO,ag,A&G,PAYROLL,0184,6027,Incentive Bonus,OH_ADMIN,OVERHEAD EXPENSES,Fixed Cost,0.0,GL,false,CWL ag/6027
OJO,ag,A&G,OPERATING EXPENSES,0184,6028,PAYROLLl Processing,OH_ADMIN,OVERHEAD EXPENSES,Fixed Cost,0.0,GL,false,CWL ag/6028
OJO,ag,A&G,PAYROLL,0184,6029,Employee Transportation,OH_ADMIN,OVERHEAD EXPENSES,Fixed Cost,0.0,GL,false,CWL ag/6029
OJO,ag,A&G,PAYROLL,0184,6030,Employee Benefit Others,OH_ADMIN,OVERHEAD EXPENSES,Fixed Cost,0.0,GL,false,CWL ag/6030
OJO,sales-marketing,Sales & Marketing,PAYROLL,0190,6000,Salary and Wages,OH_SALES_MARKETING,OVERHEAD EXPENSES,Fixed Cost,0.0,GL,false,CWL sales-marketing/6000
OJO,sales-marketing,Sales & Marketing,PAYROLL,0190,6001,Overtime,OH_SALES_MARKETING,OVERHEAD EXPENSES,Fixed Cost,0.0,GL,false,CWL sales-marketing/6001
OJO,sales-marketing,Sales & Marketing,PAYROLL,0190,6002,Day Off,OH_SALES_MARKETING,OVERHEAD EXPENSES,Fixed Cost,0.0,GL,false,CWL sales-marketing/6002
OJO,sales-marketing,Sales & Marketing,PAYROLL,0190,6003,Working Holiday,OH_SALES_MARKETING,OVERHEAD EXPENSES,Fixed Cost,0.0,GL,false,CWL sales-marketing/6003
OJO,sales-marketing,Sales & Marketing,PAYROLL,0190,6004,Disabilities,OH_SALES_MARKETING,OVERHEAD EXPENSES,Fixed Cost,0.0,ANALOGIA,false,mismo depto/PAYROLL
OJO,sales-marketing,Sales & Marketing,PAYROLL,0190,6010,Commissions,OH_SALES_MARKETING,OVERHEAD EXPENSES,Fixed Cost,0.0,GL,false,CWL sales-marketing/6010
OJO,sales-marketing,Sales & Marketing,PAYROLL,0190,6020,Social Security,OH_SALES_MARKETING,OVERHEAD EXPENSES,Fixed Cost,0.0,GL,false,CWL sales-marketing/6020
OJO,sales-marketing,Sales & Marketing,PAYROLL,0190,6021,Christmas bonus,OH_SALES_MARKETING,OVERHEAD EXPENSES,Fixed Cost,0.0,GL,false,CWL sales-marketing/6021
OJO,sales-marketing,Sales & Marketing,PAYROLL,0190,6022,Work Risk Policy,OH_SALES_MARKETING,OVERHEAD EXPENSES,Fixed Cost,0.0,GL,false,CWL sales-marketing/6022
OJO,sales-marketing,Sales & Marketing,PAYROLL,0190,6023,Vacations Accrual,OH_SALES_MARKETING,OVERHEAD EXPENSES,Fixed Cost,0.0,GL,false,CWL sales-marketing/6023
OJO,sales-marketing,Sales & Marketing,PAYROLL,0190,6024,Vacations Taken,OH_SALES_MARKETING,OVERHEAD EXPENSES,Fixed Cost,0.0,GL,false,CWL sales-marketing/6024
OJO,sales-marketing,Sales & Marketing,PAYROLL,0190,6025,Cafeteria,OH_SALES_MARKETING,OVERHEAD EXPENSES,Fixed Cost,0.0,GL,false,CWL sales-marketing/6025
OJO,sales-marketing,Sales & Marketing,PAYROLL,0190,6026,Notice and Severance Pay,OH_SALES_MARKETING,OVERHEAD EXPENSES,Fixed Cost,0.0,GL,false,CWL sales-marketing/6026
OJO,sales-marketing,Sales & Marketing,PAYROLL,0190,6027,Incentive Bonus,OH_SALES_MARKETING,OVERHEAD EXPENSES,Fixed Cost,0.0,GL,false,CWL sales-marketing/6027
OJO,sales-marketing,Sales & Marketing,PAYROLL,0190,6028,Housing,OH_SALES_MARKETING,OVERHEAD EXPENSES,Fixed Cost,0.0,GL,false,CWL sales-marketing/6028
OJO,sales-marketing,Sales & Marketing,PAYROLL,0190,6029,Employee Transportation,OH_SALES_MARKETING,OVERHEAD EXPENSES,Fixed Cost,0.0,GL,false,CWL sales-marketing/6029
OJO,sales-marketing,Sales & Marketing,PAYROLL,0190,6030,Employee Benefit Others,OH_SALES_MARKETING,OVERHEAD EXPENSES,Fixed Cost,0.0,GL,false,CWL sales-marketing/6030
OJO,sales-marketing,Sales & Marketing,OPERATING EXPENSES,0190,7000,Agency Fees,OH_SALES_MARKETING,OVERHEAD EXPENSES,Fixed Cost,0.0,GL,false,CWL sales-marketing/7000
OJO,sales-marketing,Sales & Marketing,OPERATING EXPENSES,0190,7070,Cluster Services (marketing fee),OH_SALES_MARKETING,OVERHEAD EXPENSES,Fixed Cost,0.0,GL,false,CWL sales-marketing/7070
OJO,sales-marketing,Sales & Marketing,OPERATING EXPENSES,0190,7075,Collateral Material,OH_SALES_MARKETING,OVERHEAD EXPENSES,Fixed Cost,0.0,GL,false,CWL sales-marketing/7075
OJO,sales-marketing,Sales & Marketing,OPERATING EXPENSES,0190,7100,Complimentary Services and Gifts,OH_SALES_MARKETING,OVERHEAD EXPENSES,Fixed Cost,0.0,GL,false,CWL sales-marketing/7100
OJO,sales-marketing,Sales & Marketing,OPERATING EXPENSES,0190,7105,Contract Services,OH_SALES_MARKETING,OVERHEAD EXPENSES,Fixed Cost,0.0,GL,false,CWL sales-marketing/7105
OJO,sales-marketing,Sales & Marketing,OPERATING EXPENSES,0190,7110,Corporate Office Reimbursables(Centralized marketing Services,OH_SALES_MARKETING,OVERHEAD EXPENSES,Fixed Cost,0.0,GL,false,CWL sales-marketing/7110
OJO,sales-marketing,Sales & Marketing,OPERATING EXPENSES,0190,7125,Decorations,OH_SALES_MARKETING,OVERHEAD EXPENSES,Fixed Cost,0.0,GL,false,CWL sales-marketing/7125
OJO,sales-marketing,Sales & Marketing,OPERATING EXPENSES,0190,7135,Direct Mail,OH_SALES_MARKETING,OVERHEAD EXPENSES,Fixed Cost,0.0,GL,false,CWL sales-marketing/7135
OJO,sales-marketing,Sales & Marketing,OPERATING EXPENSES,0190,7150,Dues and Subscriptions,OH_SALES_MARKETING,OVERHEAD EXPENSES,Fixed Cost,0.0,GL,false,CWL sales-marketing/7150
OJO,sales-marketing,Sales & Marketing,OPERATING EXPENSES,0190,7175,Entertainment—In-House (CPL),OH_SALES_MARKETING,OVERHEAD EXPENSES,Fixed Cost,0.0,GL,false,CWL sales-marketing/7175
OJO,sales-marketing,Sales & Marketing,OPERATING EXPENSES,0190,7185,Equipment Rental,OH_SALES_MARKETING,OVERHEAD EXPENSES,Fixed Cost,0.0,GL,false,CWL sales-marketing/7185
OJO,sales-marketing,Sales & Marketing,OPERATING EXPENSES,0190,7190,Familiarization Trips,OH_SALES_MARKETING,OVERHEAD EXPENSES,Fixed Cost,0.0,GL,false,CWL sales-marketing/7190
OJO,sales-marketing,Sales & Marketing,OPERATING EXPENSES,0190,7205,Franchise and Affiliation Fees—Royalties,OH_SALES_MARKETING,OVERHEAD EXPENSES,Fixed Cost,0.0,GL,false,CWL sales-marketing/7205
OJO,sales-marketing,Sales & Marketing,OPERATING EXPENSES,0190,7210,Franchise and Affiliation Marketing,OH_SALES_MARKETING,OVERHEAD EXPENSES,Fixed Cost,0.0,GL,false,CWL sales-marketing/7210
OJO,sales-marketing,Sales & Marketing,OPERATING EXPENSES,0190,7280,In-House Graphics,OH_SALES_MARKETING,OVERHEAD EXPENSES,Fixed Cost,0.0,GL,false,CWL sales-marketing/7280
OJO,sales-marketing,Sales & Marketing,OPERATING EXPENSES,0190,7360,Loyalty Programs,OH_SALES_MARKETING,OVERHEAD EXPENSES,Fixed Cost,0.0,GL,false,CWL sales-marketing/7360
OJO,sales-marketing,Sales & Marketing,OPERATING EXPENSES,0190,7370,Media,OH_SALES_MARKETING,OVERHEAD EXPENSES,Fixed Cost,0.0,GL,false,CWL sales-marketing/7370
OJO,sales-marketing,Sales & Marketing,OPERATING EXPENSES,0190,7380,Miscellaneous,OH_SALES_MARKETING,OVERHEAD EXPENSES,Fixed Cost,0.0,GL,false,CWL sales-marketing/7380
OJO,sales-marketing,Sales & Marketing,OPERATING EXPENSES,0190,7400,Operating Supplies,OH_SALES_MARKETING,OVERHEAD EXPENSES,Fixed Cost,0.0,GL,false,CWL sales-marketing/7400
OJO,sales-marketing,Sales & Marketing,OPERATING EXPENSES,0190,7435,Outside Sales Representation,OH_SALES_MARKETING,OVERHEAD EXPENSES,Fixed Cost,0.0,GL,false,CWL sales-marketing/7435
OJO,sales-marketing,Sales & Marketing,OPERATING EXPENSES,0190,7440,Outside Services Market Research,OH_SALES_MARKETING,OVERHEAD EXPENSES,Fixed Cost,0.0,GL,false,CWL sales-marketing/7440
OJO,sales-marketing,Sales & Marketing,OPERATING EXPENSES,0190,7445,Outside Signage,OH_SALES_MARKETING,OVERHEAD EXPENSES,Fixed Cost,0.0,GL,false,CWL sales-marketing/7445
OJO,sales-marketing,Sales & Marketing,OPERATING EXPENSES,0190,7475,Photography,OH_SALES_MARKETING,OVERHEAD EXPENSES,Fixed Cost,0.0,GL,false,CWL sales-marketing/7475
OJO,sales-marketing,Sales & Marketing,OPERATING EXPENSES,0190,7485,Postage and Overnight Delivery Charges,OH_SALES_MARKETING,OVERHEAD EXPENSES,Fixed Cost,0.0,GL,false,CWL sales-marketing/7485
OJO,sales-marketing,Sales & Marketing,OPERATING EXPENSES,0190,7500,Promotion,OH_SALES_MARKETING,OVERHEAD EXPENSES,Fixed Cost,0.0,GL,false,CWL sales-marketing/7500
OJO,sales-marketing,Sales & Marketing,OPERATING EXPENSES,0190,7660,Trade Shows,OH_SALES_MARKETING,OVERHEAD EXPENSES,Fixed Cost,0.0,GL,false,CWL sales-marketing/7660
OJO,sales-marketing,Sales & Marketing,OPERATING EXPENSES,0190,7665,Training,OH_SALES_MARKETING,OVERHEAD EXPENSES,Fixed Cost,0.0,GL,false,CWL sales-marketing/7665
OJO,sales-marketing,Sales & Marketing,OPERATING EXPENSES,0190,7670,Travel—Meals and Entertainment,OH_SALES_MARKETING,OVERHEAD EXPENSES,Fixed Cost,0.0,GL,false,CWL sales-marketing/7670
OJO,sales-marketing,Sales & Marketing,OPERATING EXPENSES,0190,7675,Travel Other,OH_SALES_MARKETING,OVERHEAD EXPENSES,Variable,1.0,GL,false,CWL sales-marketing/7675
OJO,sales-marketing,Sales & Marketing,OPERATING EXPENSES,0190,7680,Uniform Costs,OH_SALES_MARKETING,OVERHEAD EXPENSES,Fixed Cost,0.0,ANALOGIA,false,misma cuenta/SOPORTE
OJO,sales-marketing,Sales & Marketing,OPERATING EXPENSES,0190,7685,Uniform Laundry,OH_SALES_MARKETING,OVERHEAD EXPENSES,Fixed Cost,0.0,ANALOGIA,false,misma cuenta/SOPORTE
OJO,sales-marketing,Sales & Marketing,OPERATING EXPENSES,0190,7715,Website,OH_SALES_MARKETING,OVERHEAD EXPENSES,Variable,1.0,GL,false,CWL sales-marketing/7715
OJO,maintenance,Maintenance,PAYROLL,0200,6000,Salary and Wages,OH_MAINTENANCE,OVERHEAD EXPENSES,Fixed Cost,0.0,GL,false,CWL maintenance/6000
OJO,maintenance,Maintenance,PAYROLL,0200,6001,Overtime,OH_MAINTENANCE,OVERHEAD EXPENSES,Fixed Cost,0.0,GL,false,CWL maintenance/6001
OJO,maintenance,Maintenance,PAYROLL,0200,6002,Day Off,OH_MAINTENANCE,OVERHEAD EXPENSES,Fixed Cost,0.0,GL,false,CWL maintenance/6002
OJO,maintenance,Maintenance,PAYROLL,0200,6003,Working Holiday,OH_MAINTENANCE,OVERHEAD EXPENSES,Fixed Cost,0.0,GL,false,CWL maintenance/6003
OJO,maintenance,Maintenance,PAYROLL,0200,6004,Disabilities,OH_MAINTENANCE,OVERHEAD EXPENSES,Fixed Cost,0.0,ANALOGIA,false,mismo depto/PAYROLL
OJO,maintenance,Maintenance,PAYROLL,0200,6010,Commissions,OH_MAINTENANCE,OVERHEAD EXPENSES,Fixed Cost,0.0,GL,false,CWL maintenance/6010
OJO,maintenance,Maintenance,PAYROLL,0200,6020,Social Security,OH_MAINTENANCE,OVERHEAD EXPENSES,Fixed Cost,0.0,GL,false,CWL maintenance/6020
OJO,maintenance,Maintenance,PAYROLL,0200,6021,Christmas bonus,OH_MAINTENANCE,OVERHEAD EXPENSES,Fixed Cost,0.0,GL,false,CWL maintenance/6021
OJO,maintenance,Maintenance,PAYROLL,0200,6022,Work Risk Policy,OH_MAINTENANCE,OVERHEAD EXPENSES,Fixed Cost,0.0,GL,false,CWL maintenance/6022
OJO,maintenance,Maintenance,PAYROLL,0200,6023,Vacations Accrual,OH_MAINTENANCE,OVERHEAD EXPENSES,Fixed Cost,0.0,GL,false,CWL maintenance/6023
OJO,maintenance,Maintenance,PAYROLL,0200,6024,Vacations Taken,OH_MAINTENANCE,OVERHEAD EXPENSES,Fixed Cost,0.0,GL,false,CWL maintenance/6024
OJO,maintenance,Maintenance,PAYROLL,0200,6025,Cafeteria,OH_MAINTENANCE,OVERHEAD EXPENSES,Fixed Cost,0.0,GL,false,CWL maintenance/6025
OJO,maintenance,Maintenance,PAYROLL,0200,6026,Notice and Severance Pay,OH_MAINTENANCE,OVERHEAD EXPENSES,Fixed Cost,0.0,GL,false,CWL maintenance/6026
OJO,maintenance,Maintenance,PAYROLL,0200,6027,Incentive Bonus,OH_MAINTENANCE,OVERHEAD EXPENSES,Fixed Cost,0.0,GL,false,CWL maintenance/6027
OJO,maintenance,Maintenance,PAYROLL,0200,6028,Housing,OH_MAINTENANCE,OVERHEAD EXPENSES,Fixed Cost,0.0,GL,false,CWL maintenance/6028
OJO,maintenance,Maintenance,PAYROLL,0200,6029,Employee Transportation,OH_MAINTENANCE,OVERHEAD EXPENSES,Fixed Cost,0.0,GL,false,CWL maintenance/6029
OJO,maintenance,Maintenance,PAYROLL,0200,6030,Employee Benefit Others,OH_MAINTENANCE,OVERHEAD EXPENSES,Fixed Cost,0.0,GL,false,CWL maintenance/6030
OJO,maintenance,Maintenance,OPERATING EXPENSES,0200,7030,Building,OH_MAINTENANCE,OVERHEAD EXPENSES,Fixed Cost,0.0,GL,false,CWL maintenance/7030
OJO,maintenance,Maintenance,OPERATING EXPENSES,0200,7070,Cluster Services,OH_MAINTENANCE,OVERHEAD EXPENSES,Fixed Cost,0.0,GL,false,CWL maintenance/7070
OJO,maintenance,Maintenance,OPERATING EXPENSES,0200,7105,Contract Services,OH_MAINTENANCE,OVERHEAD EXPENSES,Fixed Cost,0.0,GL,false,CWL maintenance/7105
OJO,maintenance,Maintenance,OPERATING EXPENSES,0200,7110,Corporate Office Reimbursables,OH_MAINTENANCE,OVERHEAD EXPENSES,Fixed Cost,0.0,GL,false,CWL maintenance/7110
OJO,maintenance,Maintenance,OPERATING EXPENSES,0200,7150,Dues and Subscriptions,OH_MAINTENANCE,OVERHEAD EXPENSES,Fixed Cost,0.0,GL,false,CWL maintenance/7150
OJO,maintenance,Maintenance,OPERATING EXPENSES,0200,7155,Electrical and Mechanical Equipment,OH_MAINTENANCE,OVERHEAD EXPENSES,Fixed Cost,0.0,GL,false,CWL maintenance/7155
OJO,maintenance,Maintenance,OPERATING EXPENSES,0200,7165,Elevators and Escalators,OH_MAINTENANCE,OVERHEAD EXPENSES,Fixed Cost,0.0,GL,false,CWL maintenance/7165
OJO,maintenance,Maintenance,OPERATING EXPENSES,0200,7170,Engineering Supplies,OH_MAINTENANCE,OVERHEAD EXPENSES,Fixed Cost,0.0,GL,false,CWL maintenance/7170
OJO,maintenance,Maintenance,OPERATING EXPENSES,0200,7175,Entertainment—In-House,OH_MAINTENANCE,OVERHEAD EXPENSES,Fixed Cost,0.0,GL,false,CWL maintenance/7175
OJO,maintenance,Maintenance,OPERATING EXPENSES,0200,7180,Equipment (hardware),OH_MAINTENANCE,OVERHEAD EXPENSES,Fixed Cost,0.0,GL,false,CWL maintenance/7180
OJO,maintenance,Maintenance,OPERATING EXPENSES,0200,7185,Equipment Rental,OH_MAINTENANCE,OVERHEAD EXPENSES,Fixed Cost,0.0,GL,false,CWL maintenance/7185
OJO,maintenance,Maintenance,OPERATING EXPENSES,0200,7200,Floor Covering,OH_MAINTENANCE,OVERHEAD EXPENSES,Fixed Cost,0.0,GL,false,CWL maintenance/7200
OJO,maintenance,Maintenance,OPERATING EXPENSES,0200,7215,Furniture and Equipment,OH_MAINTENANCE,OVERHEAD EXPENSES,Fixed Cost,0.0,GL,false,CWL maintenance/7215
OJO,maintenance,Maintenance,OPERATING EXPENSES,0200,7240,Grounds Maintenance and Landscaping,OH_MAINTENANCE,OVERHEAD EXPENSES,Fixed Cost,0.0,GL,false,CWL maintenance/7240
OJO,maintenance,Maintenance,OPERATING EXPENSES,0200,7265,"Heating, Ventilation, and Air Conditioning",OH_MAINTENANCE,OVERHEAD EXPENSES,Fixed Cost,0.0,GL,false,CWL maintenance/7265
OJO,maintenance,Maintenance,OPERATING EXPENSES,0200,7290,Kitchen Equipment,OH_MAINTENANCE,OVERHEAD EXPENSES,Fixed Cost,0.0,GL,false,CWL maintenance/7290
OJO,maintenance,Maintenance,OPERATING EXPENSES,0200,7315,Laundry Equipment,OH_MAINTENANCE,OVERHEAD EXPENSES,Fixed Cost,0.0,GL,false,CWL maintenance/7315
OJO,maintenance,Maintenance,OPERATING EXPENSES,0200,7335,Licenses and Permits,OH_MAINTENANCE,OVERHEAD EXPENSES,Fixed Cost,0.0,GL,false,CWL maintenance/7335
OJO,maintenance,Maintenance,OPERATING EXPENSES,0200,7340,Life/Safety,OH_MAINTENANCE,OVERHEAD EXPENSES,Fixed Cost,0.0,GL,false,CWL maintenance/7340
OJO,maintenance,Maintenance,OPERATING EXPENSES,0200,7345,Light Bulbs,OH_MAINTENANCE,OVERHEAD EXPENSES,Fixed Cost,0.0,GL,false,CWL maintenance/7345
OJO,maintenance,Maintenance,OPERATING EXPENSES,0200,7380,Miscellaneous,OH_MAINTENANCE,OVERHEAD EXPENSES,Fixed Cost,0.0,GL,false,CWL maintenance/7380
OJO,maintenance,Maintenance,OPERATING EXPENSES,0200,7400,Operating Supplies,OH_MAINTENANCE,OVERHEAD EXPENSES,Fixed Cost,0.0,GL,false,CWL maintenance/7400
OJO,maintenance,Maintenance,OPERATING EXPENSES,0200,7455,Painting and Wallcovering,OH_MAINTENANCE,OVERHEAD EXPENSES,Fixed Cost,0.0,GL,false,CWL maintenance/7455
OJO,maintenance,Maintenance,OPERATING EXPENSES,0200,7480,Plumbing,OH_MAINTENANCE,OVERHEAD EXPENSES,Fixed Cost,0.0,GL,false,CWL maintenance/7480
OJO,maintenance,Maintenance,OPERATING EXPENSES,0200,7555,Swimming Pool,OH_MAINTENANCE,OVERHEAD EXPENSES,Fixed Cost,0.0,GL,false,CWL maintenance/7555
OJO,maintenance,Maintenance,OPERATING EXPENSES,0200,7665,Training,OH_MAINTENANCE,OVERHEAD EXPENSES,Fixed Cost,0.0,GL,false,CWL maintenance/7665
OJO,maintenance,Maintenance,OPERATING EXPENSES,0200,7670,Travel—Meals and Entertainment,OH_MAINTENANCE,OVERHEAD EXPENSES,Fixed Cost,0.0,GL,false,CWL maintenance/7670
OJO,maintenance,Maintenance,OPERATING EXPENSES,0200,7675,Travel—Other,OH_MAINTENANCE,OVERHEAD EXPENSES,Fixed Cost,0.0,GL,false,CWL maintenance/7675
OJO,maintenance,Maintenance,OPERATING EXPENSES,0200,7680,Uniform Costs,OH_MAINTENANCE,OVERHEAD EXPENSES,Fixed Cost,0.0,GL,false,CWL maintenance/7680
OJO,maintenance,Maintenance,OPERATING EXPENSES,0200,7685,Uniform Laundry,OH_MAINTENANCE,OVERHEAD EXPENSES,Fixed Cost,0.0,GL,false,CWL maintenance/7685
OJO,maintenance,Maintenance,OPERATING EXPENSES,0200,7700,Vehicle Repair,OH_MAINTENANCE,OVERHEAD EXPENSES,Fixed Cost,0.0,GL,false,CWL maintenance/7700
OJO,maintenance,Maintenance,OPERATING EXPENSES,0200,7705,Waste Removal,OH_MAINTENANCE,OVERHEAD EXPENSES,Fixed Cost,0.0,GL,false,CWL maintenance/7705
OJO,information-system,Information System,PAYROLL,,,Contract Labour,OH_INFORMATION_SYSTEM,OVERHEAD EXPENSES,Fixed Cost,0.0,LINEA,false,
OJO,information-system,Information System,COST OF SALES,0230,5700,Cost of Cells Phones,COH_INFORMATION_SYSTEM,OVERHEAD COST OF SALES,Fixed Cost,0.0,GL,false,CWL information-system/5700
OJO,information-system,Information System,COST OF SALES,0230,5701,Cost of Local Calls,COH_INFORMATION_SYSTEM,OVERHEAD COST OF SALES,Fixed Cost,0.0,GL,false,CWL information-system/5701
OJO,information-system,Information System,COST OF SALES,0230,5702,Cost of Internet Services,COH_INFORMATION_SYSTEM,OVERHEAD COST OF SALES,Fixed Cost,0.0,GL,false,CWL information-system/5702
OJO,information-system,Information System,COST OF SALES,0230,5703,Cost of Long Distance,COH_INFORMATION_SYSTEM,OVERHEAD COST OF SALES,Fixed Cost,0.0,GL,false,CWL information-system/5703
OJO,information-system,Information System,COST OF SALES,0230,5704,Other  Cost  of Services,COH_INFORMATION_SYSTEM,OVERHEAD COST OF SALES,Fixed Cost,0.0,GL,false,CWL information-system/5704
OJO,information-system,Information System,PAYROLL,0230,6000,Salary and Wages,OH_INFORMATION_SYSTEM,OVERHEAD EXPENSES,Fixed Cost,0.0,GL,false,CWL information-system/6000
OJO,information-system,Information System,PAYROLL,0230,6001,Overtime,OH_INFORMATION_SYSTEM,OVERHEAD EXPENSES,Fixed Cost,0.0,GL,false,CWL information-system/6001
OJO,information-system,Information System,PAYROLL,0230,6002,Day Off,OH_INFORMATION_SYSTEM,OVERHEAD EXPENSES,Fixed Cost,0.0,GL,false,CWL information-system/6002
OJO,information-system,Information System,PAYROLL,0230,6003,Working Holiday,OH_INFORMATION_SYSTEM,OVERHEAD EXPENSES,Fixed Cost,0.0,GL,false,CWL information-system/6003
OJO,information-system,Information System,PAYROLL,0230,6004,Disabilities,OH_INFORMATION_SYSTEM,OVERHEAD EXPENSES,Fixed Cost,0.0,ANALOGIA,false,mismo depto/PAYROLL
OJO,information-system,Information System,PAYROLL,0230,6010,Commissions,OH_INFORMATION_SYSTEM,OVERHEAD EXPENSES,Fixed Cost,0.0,GL,false,CWL information-system/6010
OJO,information-system,Information System,PAYROLL,0230,6020,Social Security,OH_INFORMATION_SYSTEM,OVERHEAD EXPENSES,Fixed Cost,0.0,GL,false,CWL information-system/6020
OJO,information-system,Information System,PAYROLL,0230,6021,Christmas bonus,OH_INFORMATION_SYSTEM,OVERHEAD EXPENSES,Fixed Cost,0.0,GL,false,CWL information-system/6021
OJO,information-system,Information System,PAYROLL,0230,6022,Work Risk Policy,OH_INFORMATION_SYSTEM,OVERHEAD EXPENSES,Fixed Cost,0.0,GL,false,CWL information-system/6022
OJO,information-system,Information System,PAYROLL,0230,6023,Vacations Accrual,OH_INFORMATION_SYSTEM,OVERHEAD EXPENSES,Fixed Cost,0.0,GL,false,CWL information-system/6023
OJO,information-system,Information System,PAYROLL,0230,6024,Vacations Taken,OH_INFORMATION_SYSTEM,OVERHEAD EXPENSES,Fixed Cost,0.0,GL,false,CWL information-system/6024
OJO,information-system,Information System,PAYROLL,0230,6025,Cafeteria,OH_INFORMATION_SYSTEM,OVERHEAD EXPENSES,Fixed Cost,0.0,GL,false,CWL information-system/6025
OJO,information-system,Information System,PAYROLL,0230,6026,Notice and Severance Pay,OH_INFORMATION_SYSTEM,OVERHEAD EXPENSES,Fixed Cost,0.0,GL,false,CWL information-system/6026
OJO,information-system,Information System,PAYROLL,0230,6027,Incentive Bonus,OH_INFORMATION_SYSTEM,OVERHEAD EXPENSES,Fixed Cost,0.0,GL,false,CWL information-system/6027
OJO,information-system,Information System,PAYROLL,0230,6028,Housing,OH_INFORMATION_SYSTEM,OVERHEAD EXPENSES,Fixed Cost,0.0,GL,false,CWL information-system/6028
OJO,information-system,Information System,PAYROLL,0230,6029,Employee Transportation,OH_INFORMATION_SYSTEM,OVERHEAD EXPENSES,Fixed Cost,0.0,GL,false,CWL information-system/6029
OJO,information-system,Information System,PAYROLL,0230,6030,Employee Benefit Others,OH_INFORMATION_SYSTEM,OVERHEAD EXPENSES,Fixed Cost,0.0,GL,false,CWL information-system/6030
OJO,information-system,Information System,OPERATING EXPENSES,0230,7105,Contract Services,OH_INFORMATION_SYSTEM,OVERHEAD EXPENSES,Fixed Cost,0.0,ANALOGIA,false,mismo depto/OPERATING EXPENSES
OJO,information-system,Information System,OPERATING EXPENSES,0230,7110,Corporate Office Reimbursables,OH_INFORMATION_SYSTEM,OVERHEAD EXPENSES,Fixed Cost,0.0,GL,false,CWL information-system/7110
OJO,information-system,Information System,OPERATING EXPENSES,0230,7150,Dues and Subscriptions,OH_INFORMATION_SYSTEM,OVERHEAD EXPENSES,Fixed Cost,0.0,GL,false,CWL information-system/7150
OJO,information-system,Information System,OPERATING EXPENSES,0230,7175,Entertainment—In-House,OH_INFORMATION_SYSTEM,OVERHEAD EXPENSES,Fixed Cost,0.0,GL,false,CWL information-system/7175
OJO,information-system,Information System,OPERATING EXPENSES,0230,7185,Equipment Rental,OH_INFORMATION_SYSTEM,OVERHEAD EXPENSES,Fixed Cost,0.0,GL,false,CWL information-system/7185
OJO,information-system,Information System,OPERATING EXPENSES,0230,7380,Miscellaneous,OH_INFORMATION_SYSTEM,OVERHEAD EXPENSES,Fixed Cost,0.0,GL,false,CWL information-system/7380
OJO,information-system,Information System,OPERATING EXPENSES,0230,7400,Operating Supplies,OH_INFORMATION_SYSTEM,OVERHEAD EXPENSES,Fixed Cost,0.0,GL,false,CWL information-system/7400
OJO,information-system,Information System,OPERATING EXPENSES,0230,7410,Other Cost of Services,OH_INFORMATION_SYSTEM,OVERHEAD EXPENSES,Fixed Cost,0.0,GL,false,CWL information-system/7410
OJO,information-system,Information System,OPERATING EXPENSES,0230,7415,Other Equipment,OH_INFORMATION_SYSTEM,OVERHEAD EXPENSES,Fixed Cost,0.0,GL,false,CWL information-system/7415
OJO,information-system,Information System,OPERATING EXPENSES,0230,7560,System Expenses : Administrative and General,OH_INFORMATION_SYSTEM,OVERHEAD EXPENSES,Fixed Cost,0.0,GL,false,CWL information-system/7560
OJO,information-system,Information System,OPERATING EXPENSES,0230,7565,System Expenses : Centralized Information System Charges,OH_INFORMATION_SYSTEM,OVERHEAD EXPENSES,Fixed Cost,0.0,GL,false,CWL information-system/7565
OJO,information-system,Information System,OPERATING EXPENSES,0230,7570,System Expenses : Energy Management,OH_INFORMATION_SYSTEM,OVERHEAD EXPENSES,Fixed Cost,0.0,GL,false,CWL information-system/7570
OJO,information-system,Information System,OPERATING EXPENSES,0230,7575,System Expenses : Food and Beverage,OH_INFORMATION_SYSTEM,OVERHEAD EXPENSES,Fixed Cost,0.0,GL,false,CWL information-system/7575
OJO,information-system,Information System,OPERATING EXPENSES,0230,7580,System Expenses : Golf,OH_INFORMATION_SYSTEM,OVERHEAD EXPENSES,Fixed Cost,0.0,GL,false,CWL information-system/7580
OJO,information-system,Information System,OPERATING EXPENSES,0230,7585,System Expenses : Hardware,OH_INFORMATION_SYSTEM,OVERHEAD EXPENSES,Fixed Cost,0.0,GL,false,CWL information-system/7585
OJO,information-system,Information System,OPERATING EXPENSES,0230,7590,System Expenses : Health Club/Spa,OH_INFORMATION_SYSTEM,OVERHEAD EXPENSES,Fixed Cost,0.0,GL,false,CWL information-system/7590
OJO,information-system,Information System,OPERATING EXPENSES,0230,7595,System Expenses : Human Resources,OH_INFORMATION_SYSTEM,OVERHEAD EXPENSES,Fixed Cost,0.0,GL,false,CWL information-system/7595
OJO,information-system,Information System,OPERATING EXPENSES,0230,7600,System Expenses : Information Security,OH_INFORMATION_SYSTEM,OVERHEAD EXPENSES,Fixed Cost,0.0,GL,false,CWL information-system/7600
OJO,information-system,Information System,OPERATING EXPENSES,0230,7605,System Expenses : Information Systems,OH_INFORMATION_SYSTEM,OVERHEAD EXPENSES,Fixed Cost,0.0,GL,false,CWL information-system/7605
OJO,information-system,Information System,OPERATING EXPENSES,0230,7610,System Expenses : Other,OH_INFORMATION_SYSTEM,OVERHEAD EXPENSES,Fixed Cost,0.0,GL,false,CWL information-system/7610
OJO,information-system,Information System,OPERATING EXPENSES,0230,7615,System Expenses : Parking,OH_INFORMATION_SYSTEM,OVERHEAD EXPENSES,Fixed Cost,0.0,GL,false,CWL information-system/7615
OJO,information-system,Information System,OPERATING EXPENSES,0230,7620,System Expenses : Property Operation and Maintenance,OH_INFORMATION_SYSTEM,OVERHEAD EXPENSES,Fixed Cost,0.0,GL,false,CWL information-system/7620
OJO,information-system,Information System,OPERATING EXPENSES,0230,7625,System Expenses : Rooms,OH_INFORMATION_SYSTEM,OVERHEAD EXPENSES,Fixed Cost,0.0,GL,false,CWL information-system/7625
OJO,information-system,Information System,OPERATING EXPENSES,0230,7630,System Expenses : Sales and Marketing,OH_INFORMATION_SYSTEM,OVERHEAD EXPENSES,Fixed Cost,0.0,GL,false,CWL information-system/7630
OJO,information-system,Information System,OPERATING EXPENSES,0230,7635,System Expenses : Telecommunications,OH_INFORMATION_SYSTEM,OVERHEAD EXPENSES,Fixed Cost,0.0,GL,false,CWL information-system/7635
OJO,information-system,Information System,OPERATING EXPENSES,0230,7640,System Storage and Optimization,OH_INFORMATION_SYSTEM,OVERHEAD EXPENSES,Fixed Cost,0.0,GL,false,CWL information-system/7640
OJO,information-system,Information System,OPERATING EXPENSES,0230,7665,Training,OH_INFORMATION_SYSTEM,OVERHEAD EXPENSES,Fixed Cost,0.0,GL,false,CWL information-system/7665
OJO,information-system,Information System,OPERATING EXPENSES,0230,7670,Travel—Meals and Entertainment,OH_INFORMATION_SYSTEM,OVERHEAD EXPENSES,Fixed Cost,0.0,GL,false,CWL information-system/7670
OJO,information-system,Information System,OPERATING EXPENSES,0230,7675,Travel—Other,OH_INFORMATION_SYSTEM,OVERHEAD EXPENSES,Fixed Cost,0.0,GL,false,CWL information-system/7675
OJO,information-system,Information System,OPERATING EXPENSES,0230,7680,Uniform Costs,OH_INFORMATION_SYSTEM,OVERHEAD EXPENSES,Fixed Cost,0.0,GL,false,CWL information-system/7680
OJO,information-system,Information System,OPERATING EXPENSES,0230,7685,Uniform Laundry,OH_INFORMATION_SYSTEM,OVERHEAD EXPENSES,Fixed Cost,0.0,GL,false,CWL information-system/7685
OJO,utility,Utility,OPERATING EXPENSES,,,Oil & Gas (Generador) · Oil & Gas (tractors) · Oil (Boat and Equipment) · Other,OH_UTILITIES,OVERHEAD EXPENSES,Fixed Cost,0.0,LINEA,false,
OJO,utility,Utility,OPERATING EXPENSES,0210,7055,Chilled Water,OH_UTILITIES,OVERHEAD EXPENSES,Fixed Cost,0.0,GL,false,CWL utility/7055
OJO,utility,Utility,OPERATING EXPENSES,0210,7105,Contract Services,OH_UTILITIES,OVERHEAD EXPENSES,Fixed Cost,0.0,GL,false,CWL utility/7105
OJO,utility,Utility,OPERATING EXPENSES,0210,7160,Electricity,OH_UTILITIES,OVERHEAD EXPENSES,Fixed Cost,0.0,GL,false,CWL utility/7160
OJO,utility,Utility,OPERATING EXPENSES,0210,7230,Gas,OH_UTILITIES,OVERHEAD EXPENSES,Fixed Cost,0.0,GL,false,CWL utility/7230
OJO,utility,Utility,OPERATING EXPENSES,0210,7395,Oil & Gas (Generador) · Oil & Gas (tractors) · Oil (Boat and Equipment) · Other,OH_UTILITIES,OVERHEAD EXPENSES,Fixed Cost,0.0,GL,false,CWL utility/7395
OJO,utility,Utility,OPERATING EXPENSES,0210,7420,Other Fuels,OH_UTILITIES,OVERHEAD EXPENSES,Fixed Cost,0.0,GL,false,CWL utility/7420
OJO,utility,Utility,OPERATING EXPENSES,0210,7550,Steam,OH_UTILITIES,OVERHEAD EXPENSES,Fixed Cost,0.0,GL,false,CWL utility/7550
OJO,utility,Utility,OPERATING EXPENSES,0210,7710,Water/Sewer,OH_UTILITIES,OVERHEAD EXPENSES,Fixed Cost,0.0,GL,false,CWL utility/7710
OJO,property-expenses,Property Expenses,FINANCIAL CHARGES,,,Bank Charges · Interest Charges,BANK_INTEREST,FINANCIAL EXPENSES,Fixed Cost,0.0,LINEA,false,
OJO,property-expenses,Property Expenses,CAPITAL EXPENSES,,,LARGE CAPITAL EXPENDITURE,CAPITAL_RESERVE,CAPITAL,Fixed Cost,0.0,LINEA,false,
OJO,property-expenses,Property Expenses,DEPRECIATION,,,Boats/Buildings · Bulding/ · Cars · Cars/Furniture/Equipment · Equipment · Furniture,DEPRECIATION,DEPRECIATION,Fixed Cost,0.0,LINEA,false,
OJO,property-expenses,Property Expenses,RENT & MANAGEMENT FEES,,,Management Fees  (3%) · Management Fees  Others,MGMT_FEE_3,OWNER / NON-OP EXPENSES,Fixed Cost,0.0,LINEA,false,
OJO,property-expenses,Property Expenses,RENT & MANAGEMENT FEES,,,Management Fees  (5%),MGMT_FEE_5_ROYALTIES,OWNER / NON-OP EXPENSES,Fixed Cost,0.0,LINEA,false,
OJO,property-expenses,Property Expenses,NON DEDUCTIBLE EXPENSES,,,Expenses,OTHER_EXPENSES,OWNER / NON-OP EXPENSES,Fixed Cost,0.0,LINEA,false,
OJO,property-expenses,Property Expenses,PROPERTIES INSURANCE,,,Boat Insurance · Marime Zone · Property Insurance · Vehicules Insurance,PROPERTY_INSURANCE,OWNER / NON-OP EXPENSES,Fixed Cost,0.0,LINEA,false,
OJO,property-expenses,Property Expenses,RENT & MANAGEMENT FEES,,,Car Rentals,RENT,OWNER / NON-OP EXPENSES,Fixed Cost,0.0,LINEA,false,
OJO,property-expenses,Property Expenses,RENT & MANAGEMENT FEES,0250,8000,Car Rentals,RENT,OWNER / NON-OP EXPENSES,Fixed Cost,0.0,GL,false,CWL property-expenses/8000
OJO,property-expenses,Property Expenses,RENT & MANAGEMENT FEES,0250,8005,Management Fees  (3%) · Management Fees  Others,MGMT_FEE_3,OWNER / NON-OP EXPENSES,Fixed Cost,0.0,GL,false,CWL property-expenses/8005
OJO,property-expenses,Property Expenses,PROPERTIES INSURANCE,0250,8015,Boat Insurance · Marime Zone · Property Insurance · Vehicules Insurance,PROPERTY_INSURANCE,OWNER / NON-OP EXPENSES,Fixed Cost,0.0,GL,false,CWL property-expenses/8015
OJO,property-expenses,Property Expenses,CAPITAL EXPENSES,0250,8020,CAPITAL RESERVE,CAPITAL_RESERVE,CAPITAL,Fixed Cost,0.0,GL,false,CWL property-expenses/8020
OJO,property-expenses,Property Expenses,NON DEDUCTIBLE EXPENSES,0250,8025,Expenses,OTHER_EXPENSES,OWNER / NON-OP EXPENSES,Fixed Cost,0.0,GL,false,CWL property-expenses/8025
OJO,property-expenses,Property Expenses,FINANCIAL CHARGES,0250,8030,BANK AND COMMISSIONS CHARGES,LEASINGS_RENTS,FINANCIAL EXPENSES,Fixed Cost,0.0,ANALOGIA,false,mismo depto/FINANCIAL CHARGES
OJO,property-expenses,Property Expenses,FINANCIAL CHARGES,0250,8035,Bank Charges · Interest Charges,BANK_INTEREST,FINANCIAL EXPENSES,Fixed Cost,0.0,GL,false,CWL property-expenses/8035
OJO,property-expenses,Property Expenses,DEPRECIATION,0250,8040,Boats/Buildings · Bulding/ · Cars · Cars/Furniture/Equipment · Equipment · Furniture,DEPRECIATION,DEPRECIATION,Fixed Cost,0.0,GL,false,CWL property-expenses/8040
OJO,property-expenses,Property Expenses,FINANCIAL CHARGES,0250,8045,EXCHANGE GAIN/LOSSES,FINANCIAL_LOSSES,FINANCIAL EXPENSES,Fixed Cost,0.0,ANALOGIA,false,mismo depto/FINANCIAL CHARGES
OJO,property-expenses,Property Expenses,INCOME TAX,0250,8060,INCOME TAX,INCOME_TAXES,TAX / NET PROFIT,Fixed Cost,0.0,GL,true,CWL property-expenses/8060
